trial,engine,workload,depth,ns_per_instance_tick
1,old-stackless,pending,1,41.48
1,old-stackless,completion,1,65.02
1,old-stackless,pending,4,78.85
1,old-stackless,completion,4,136.76
1,old-stackless,pending,16,413.81
1,old-stackless,completion,16,496.41
1,old-stackless,pending,32,854.32
1,old-stackless,completion,32,984.57
1,old-stackless,progress,1,121.35
1,old-stackless,progress,4,150.04
1,old-stackless,progress,16,340.21
1,old-stackless,progress,32,588.58
1,old-stackless,mixed,,114.6
1,stackful,pending,1,53.20
1,stackful,completion,1,156.73
1,stackful,pending,4,57.17
1,stackful,completion,4,259.09
1,stackful,pending,16,54.05
1,stackful,completion,16,629.68
1,stackful,pending,32,54.17
1,stackful,completion,32,1312.90
1,stackful,progress,1,134.68
1,stackful,progress,4,135.24
1,stackful,progress,16,134.65
1,stackful,progress,32,136.27
1,stackful,mixed,,160.9
1,trampoline,pending,1,21.21
1,trampoline,completion,1,73.20
1,trampoline,pending,4,16.12
1,trampoline,completion,4,134.53
1,trampoline,pending,16,16.22
1,trampoline,completion,16,386.91
1,trampoline,pending,32,16.32
1,trampoline,completion,32,708.17
1,trampoline,progress,1,109.42
1,trampoline,progress,4,101.84
1,trampoline,progress,16,104.05
1,trampoline,progress,32,104.48
1,trampoline,mixed,,118.9
2,old-stackless,pending,1,42.21
2,old-stackless,completion,1,65.46
2,old-stackless,pending,4,70.37
2,old-stackless,completion,4,122.36
2,old-stackless,pending,16,262.84
2,old-stackless,completion,16,355.55
2,old-stackless,pending,32,479.71
2,old-stackless,completion,32,851.93
2,old-stackless,progress,1,125.99
2,old-stackless,progress,4,149.97
2,old-stackless,progress,16,450.29
2,old-stackless,progress,32,977.95
2,old-stackless,mixed,,112.3
2,trampoline,pending,1,21.11
2,trampoline,completion,1,72.49
2,trampoline,pending,4,16.19
2,trampoline,completion,4,130.82
2,trampoline,pending,16,16.20
2,trampoline,completion,16,378.82
2,trampoline,pending,32,16.41
2,trampoline,completion,32,699.62
2,trampoline,progress,1,111.51
2,trampoline,progress,4,104.08
2,trampoline,progress,16,105.98
2,trampoline,progress,32,106.23
2,trampoline,mixed,,112.0
2,stackful,pending,1,53.01
2,stackful,completion,1,157.89
2,stackful,pending,4,57.21
2,stackful,completion,4,260.36
2,stackful,pending,16,54.94
2,stackful,completion,16,650.35
2,stackful,pending,32,56.00
2,stackful,completion,32,1340.30
2,stackful,progress,1,134.49
2,stackful,progress,4,131.42
2,stackful,progress,16,128.63
2,stackful,progress,32,130.80
2,stackful,mixed,,160.6
3,trampoline,pending,1,21.13
3,trampoline,completion,1,73.82
3,trampoline,pending,4,16.27
3,trampoline,completion,4,131.61
3,trampoline,pending,16,16.33
3,trampoline,completion,16,384.59
3,trampoline,pending,32,16.35
3,trampoline,completion,32,708.17
3,trampoline,progress,1,107.01
3,trampoline,progress,4,100.49
3,trampoline,progress,16,101.16
3,trampoline,progress,32,102.11
3,trampoline,mixed,,117.7
3,old-stackless,pending,1,42.98
3,old-stackless,completion,1,65.05
3,old-stackless,pending,4,68.98
3,old-stackless,completion,4,122.91
3,old-stackless,pending,16,256.51
3,old-stackless,completion,16,361.31
3,old-stackless,pending,32,478.63
3,old-stackless,completion,32,720.21
3,old-stackless,progress,1,121.93
3,old-stackless,progress,4,205.59
3,old-stackless,progress,16,539.27
3,old-stackless,progress,32,1022.81
3,old-stackless,mixed,,112.7
3,stackful,pending,1,52.25
3,stackful,completion,1,155.16
3,stackful,pending,4,55.83
3,stackful,completion,4,260.63
3,stackful,pending,16,53.83
3,stackful,completion,16,647.06
3,stackful,pending,32,53.38
3,stackful,completion,32,1340.13
3,stackful,progress,1,131.46
3,stackful,progress,4,130.20
3,stackful,progress,16,130.06
3,stackful,progress,32,132.93
3,stackful,mixed,,166.0
4,trampoline,pending,1,21.15
4,trampoline,completion,1,74.93
4,trampoline,pending,4,16.54
4,trampoline,completion,4,136.21
4,trampoline,pending,16,17.20
4,trampoline,completion,16,392.95
4,trampoline,pending,32,16.64
4,trampoline,completion,32,701.72
4,trampoline,progress,1,109.21
4,trampoline,progress,4,101.72
4,trampoline,progress,16,103.59
4,trampoline,progress,32,104.13
4,trampoline,mixed,,119.0
4,stackful,pending,1,53.74
4,stackful,completion,1,154.35
4,stackful,pending,4,55.93
4,stackful,completion,4,255.23
4,stackful,pending,16,53.54
4,stackful,completion,16,626.28
4,stackful,pending,32,53.42
4,stackful,completion,32,1314.27
4,stackful,progress,1,132.76
4,stackful,progress,4,129.19
4,stackful,progress,16,128.49
4,stackful,progress,32,130.21
4,stackful,mixed,,168.9
4,old-stackless,pending,1,47.88
4,old-stackless,completion,1,68.71
4,old-stackless,pending,4,88.90
4,old-stackless,completion,4,144.62
4,old-stackless,pending,16,444.21
4,old-stackless,completion,16,515.46
4,old-stackless,pending,32,897.09
4,old-stackless,completion,32,1014.21
4,old-stackless,progress,1,120.83
4,old-stackless,progress,4,200.19
4,old-stackless,progress,16,523.98
4,old-stackless,progress,32,980.78
4,old-stackless,mixed,,115.8
5,stackful,pending,1,56.04
5,stackful,completion,1,154.30
5,stackful,pending,4,55.53
5,stackful,completion,4,256.37
5,stackful,pending,16,53.29
5,stackful,completion,16,627.28
5,stackful,pending,32,54.18
5,stackful,completion,32,1302.84
5,stackful,progress,1,132.03
5,stackful,progress,4,130.27
5,stackful,progress,16,131.17
5,stackful,progress,32,132.78
5,stackful,mixed,,170.5
5,trampoline,pending,1,21.32
5,trampoline,completion,1,72.45
5,trampoline,pending,4,16.12
5,trampoline,completion,4,136.01
5,trampoline,pending,16,16.57
5,trampoline,completion,16,394.89
5,trampoline,pending,32,16.97
5,trampoline,completion,32,730.44
5,trampoline,progress,1,109.06
5,trampoline,progress,4,101.74
5,trampoline,progress,16,104.69
5,trampoline,progress,32,103.23
5,trampoline,mixed,,121.7
5,old-stackless,pending,1,47.43
5,old-stackless,completion,1,66.06
5,old-stackless,pending,4,86.02
5,old-stackless,completion,4,137.08
5,old-stackless,pending,16,426.99
5,old-stackless,completion,16,512.18
5,old-stackless,pending,32,875.18
5,old-stackless,completion,32,1003.59
5,old-stackless,progress,1,128.63
5,old-stackless,progress,4,205.03
5,old-stackless,progress,16,543.57
5,old-stackless,progress,32,1028.80
5,old-stackless,mixed,,105.7
