case,engine,ns_per_motif,intercept_ns,r_squared
add-float4,1x,1.4208423160068424,-4.043133462482189,0.9956980325988732
add-float4,2-stackful,18.57200109071501,53.04866717190612,0.9999999347867845
add-float4,2-stackless,18.527040874755308,51.79680221279568,0.999999915045586
add-int,1x,1.1163947687539146,0.7514198472451596,0.9979959163752222
add-int,2-stackful,14.585421323948031,50.92524932976767,0.9999999891855592
add-int,2-stackless,14.936919789692988,40.99331537165381,0.9999889779609538
assign-seq,1x,66.26655546822597,62.41882707571767,0.9999990080377215
assign-seq,2-stackful,41.50786571005984,71.8527682241338,0.9999987869067838
assign-seq,2-stackless,41.76041487658737,55.18462666622054,0.9999978228424153
assign-table,1x,65.10256863739828,103.96412603190129,0.9999775248347686
assign-table,2-stackful,41.518826499968704,70.86948816508084,0.9999991088203446
assign-table,2-stackless,41.58074598033844,63.762344280702564,0.9999997887980341
const-int,1x,0.44436803925564416,10.595352739265877,0.9924342849565564
const-int,2-stackful,9.187683638196482,51.46375120859943,0.9999998626432209
const-int,2-stackless,9.526931062386765,46.60342342845706,0.9999996868533844
const-string,1x,0.45010823268791633,14.203840282364979,0.9928846247569078
const-string,2-stackful,14.75083972005091,63.14715390283823,0.9999940856904904
const-string,2-stackless,14.552194985302998,62.432459237969624,0.9999988727807612
get-seq,1x,0.48684207912567906,76.0194716485586,0.9929861573779393
get-seq,2-stackful,17.881276405685565,67.48850146352675,0.9999998886048607
get-seq,2-stackless,18.131505513655753,55.91391015567001,0.9999914383299954
