case,width,engine,round,batch,warmup,iterations,seconds,ns_per_iteration
assign-table,0,1x,0,0,True,293110,0.0206467,70.44010780935486
assign-table,0,1x,0,1,True,293110,0.0206691,70.51652963051414
assign-table,0,1x,0,2,False,293110,0.0205686,70.1736549418307
assign-table,0,1x,0,3,False,293110,0.0207639,70.83995769506329
assign-table,0,1x,0,4,False,293110,0.0208552,71.1514448500563
assign-table,0,2-stackful,0,0,True,293110,0.020857273000000003,71.15851728020199
assign-table,0,2-stackful,0,1,True,293110,0.020851270999999998,71.13804032615741
assign-table,0,2-stackful,0,2,False,293110,0.020873541999999995,71.21402203950734
assign-table,0,2-stackful,0,3,False,293110,0.020847279999999996,71.12442427757496
assign-table,0,2-stackful,0,4,False,293110,0.020810146,70.99773463887279
assign-table,0,2-stackless,0,0,True,293110,0.019927642000000002,67.98690593974959
assign-table,0,2-stackless,0,1,True,293110,0.019942998000000003,68.03929582750504
assign-table,0,2-stackless,0,2,False,293110,0.019914381000000002,67.9416635392856
assign-table,0,2-stackless,0,3,False,293110,0.019956272999999997,68.08458599160723
assign-table,0,2-stackless,0,4,False,293110,0.019994399999999996,68.21466343693493
assign-table,0,2-stackful,1,0,True,293110,0.021076855000000002,71.90766265224661
assign-table,0,2-stackful,1,1,True,293110,0.020886932,71.2597045477807
assign-table,0,2-stackful,1,2,False,293110,0.020856853,71.15708437105523
assign-table,0,2-stackful,1,3,False,293110,0.020825354000000004,71.04961959673844
assign-table,0,2-stackful,1,4,False,293110,0.020826032999999994,71.05193613319229
assign-table,0,2-stackless,1,0,True,293110,0.019829859,67.65330080857017
assign-table,0,2-stackless,1,1,True,293110,0.020022524999999996,68.31061717443961
assign-table,0,2-stackless,1,2,False,293110,0.020064296000000002,68.4531268124595
assign-table,0,2-stackless,1,3,False,293110,0.019822227999999997,67.62726621404931
assign-table,0,2-stackless,1,4,False,293110,0.019819273999999998,67.61718808638393
assign-table,0,1x,1,0,True,293110,0.0206814,70.55849339838286
assign-table,0,1x,1,1,True,293110,0.0205876,70.23847702227833
assign-table,0,1x,1,2,False,293110,0.0205963,70.26815871174644
assign-table,0,1x,1,3,False,293110,0.0202441,69.06656204155436
assign-table,0,1x,1,4,False,293110,0.0203805,69.53191634539934
assign-table,0,2-stackless,2,0,True,293110,0.020170649,68.81597011360923
assign-table,0,2-stackless,2,1,True,293110,0.020169897,68.81340452389888
assign-table,0,2-stackless,2,2,False,293110,0.020149802,68.74484664460441
assign-table,0,2-stackless,2,3,False,293110,0.020103964000000002,68.58846166968034
assign-table,0,2-stackless,2,4,False,293110,0.020138147999999995,68.70508682747091
assign-table,0,1x,2,0,True,293110,0.020562,70.15113779809627
assign-table,0,1x,2,1,True,293110,0.0205814,70.21732455392174
assign-table,0,1x,2,2,False,293110,0.020912,71.34522875371022
assign-table,0,1x,2,3,False,293110,0.0202722,69.16243048684794
assign-table,0,1x,2,4,False,293110,0.0206937,70.60045716625157
assign-table,0,2-stackful,2,0,True,293110,0.021074738000000003,71.90044010780937
assign-table,0,2-stackful,2,1,True,293110,0.021202903,72.33769915731295
assign-table,0,2-stackful,2,2,False,293110,0.021020439000000002,71.71518883695542
assign-table,0,2-stackful,2,3,False,293110,0.020837874000000006,71.09233393606499
assign-table,0,2-stackful,2,4,False,293110,0.020847209000000005,71.12418204769541
assign-string,64,2-stackful,0,0,True,68998,0.20852418,3022.1771645554945
assign-string,64,2-stackful,0,1,True,68998,0.209497126,3036.278239948984
assign-string,64,2-stackful,0,2,False,68998,0.20832948299999998,3019.3553871126696
assign-string,64,2-stackful,0,3,False,68998,0.20900543300000007,3029.152047885447
assign-string,64,2-stackful,0,4,False,68998,0.2088185360000001,3026.4433171976016
assign-string,64,2-stackless,0,0,True,68998,0.203530045,2949.796298443433
assign-string,64,2-stackless,0,1,True,68998,0.203224423,2945.366865706252
assign-string,64,2-stackless,0,2,False,68998,0.20376549200000005,2953.208672715152
assign-string,64,2-stackless,0,3,False,68998,0.20380052199999998,2953.7163685903934
assign-string,64,2-stackless,0,4,False,68998,0.20382634599999994,2954.090640308414
assign-string,64,1x,0,0,True,68998,0.0206219,298.87677903707356
assign-string,64,1x,0,1,True,68998,0.0209197,303.1928461694542
assign-string,64,1x,0,2,False,68998,0.0204733,296.72309342299775
assign-string,64,1x,0,3,False,68998,0.0203256,294.58245166526564
assign-string,64,1x,0,4,False,68998,0.02057,298.12458332125567
assign-string,64,2-stackless,1,0,True,68998,0.20118466899999998,2915.8043566480183
assign-string,64,2-stackless,1,1,True,68998,0.20061045200000002,2907.4821299168098
assign-string,64,2-stackless,1,2,False,68998,0.200734745,2909.28352995739
assign-string,64,2-stackless,1,3,False,68998,0.20044266700000002,2905.050392765008
assign-string,64,2-stackless,1,4,False,68998,0.20043948099999986,2905.004217513549
assign-string,64,2-stackful,1,0,True,68998,0.20958558500000002,3037.5602916026555
assign-string,64,2-stackful,1,1,True,68998,0.208468253,3021.3666048291257
assign-string,64,2-stackful,1,2,False,68998,0.20846260499999997,3021.2847473839815
assign-string,64,2-stackful,1,3,False,68998,0.20848810900000003,3021.6543812864147
assign-string,64,2-stackful,1,4,False,68998,0.20872360300000004,3025.067436737297
assign-string,64,1x,1,0,True,68998,0.0212593,308.1147279631294
assign-string,64,1x,1,1,True,68998,0.0212301,307.6915272906461
assign-string,64,1x,1,2,False,68998,0.0210822,305.54798689817096
assign-string,64,1x,1,3,False,68998,0.0208126,301.6406272645584
assign-string,64,1x,1,4,False,68998,0.0209841,304.1262065567118
assign-string,64,1x,2,0,True,68998,0.0204516,296.40859155337836
assign-string,64,1x,2,1,True,68998,0.0205424,297.7245717267167
assign-string,64,1x,2,2,False,68998,0.0204636,296.5825096379605
assign-string,64,1x,2,3,False,68998,0.0206547,299.3521551349314
assign-string,64,1x,2,4,False,68998,0.0203233,294.54911736572075
assign-string,64,2-stackful,2,0,True,68998,0.20900106100000002,3029.0886837299636
assign-string,64,2-stackful,2,1,True,68998,0.208593381,3023.1801066697585
assign-string,64,2-stackful,2,2,False,68998,0.20845119899999998,3021.1194382445865
assign-string,64,2-stackful,2,3,False,68998,0.20977380300000004,3040.2881677729793
assign-string,64,2-stackful,2,4,False,68998,0.20866626700000002,3024.236456129164
assign-string,64,2-stackless,2,0,True,68998,0.201818091,2924.9846517290357
assign-string,64,2-stackless,2,1,True,68998,0.201527611,2920.77467462825
assign-string,64,2-stackless,2,2,False,68998,0.20178897299999998,2924.5626394967967
assign-string,64,2-stackless,2,3,False,68998,0.202040938,2928.2144120119424
assign-string,64,2-stackless,2,4,False,68998,0.20166231499999987,2922.726963100378
assign-string,0,2-stackless,0,0,True,2011203,0.142278157,70.7428126350249
assign-string,0,2-stackless,0,1,True,2011203,0.14183371500000003,70.52182947221142
assign-string,0,2-stackless,0,2,False,2011203,0.14216983699999997,70.68895432236327
assign-string,0,2-stackless,0,3,False,2011203,0.14207516400000003,70.64188150077344
assign-string,0,2-stackless,0,4,False,2011203,0.14227927899999993,70.7433705100877
assign-string,0,1x,0,0,True,2011203,0.0205041,10.194943026636297
assign-string,0,1x,0,1,True,2011203,0.0205084,10.19708105049565
assign-string,0,1x,0,2,False,2011203,0.0202248,10.05607091874863
assign-string,0,1x,0,3,False,2011203,0.0200118,9.950164155483062
assign-string,0,1x,0,4,False,2011203,0.0201268,10.007343863349448
assign-string,0,2-stackful,0,0,True,2011203,0.14570962899999998,72.44899147425693
assign-string,0,2-stackful,0,1,True,2011203,0.145117104,72.15437924466103
assign-string,0,2-stackful,0,2,False,2011203,0.14527704399999997,72.23390378793188
assign-string,0,2-stackful,0,3,False,2011203,0.145058022,72.12500279683354
assign-string,0,2-stackful,0,4,False,2011203,0.14539850499999996,72.29429600095067
assign-string,0,1x,1,0,True,2011203,0.0204399,10.163021833201324
assign-string,0,1x,1,1,True,2011203,0.0202463,10.066761038045389
assign-string,0,1x,1,2,False,2011203,0.0200408,9.964583386162412
assign-string,0,1x,1,3,False,2011203,0.0203381,10.112405361368296
assign-string,0,1x,1,4,False,2011203,0.0200821,9.98511835950921
assign-string,0,2-stackless,1,0,True,2011203,0.137191161,68.21348267678599
assign-string,0,2-stackless,1,1,True,2011203,0.137214537,68.22510557114325
assign-string,0,2-stackless,1,2,False,2011203,0.13687268399999997,68.0551311826802
assign-string,0,2-stackless,1,3,False,2011203,0.13622932,67.7352410472737
assign-string,0,2-stackless,1,4,False,2011203,0.13666771499999997,67.95321755188311
assign-string,0,2-stackful,1,0,True,2011203,0.145670739,72.42965478870109
assign-string,0,2-stackful,1,1,True,2011203,0.14470056499999998,71.9472698678353
assign-string,0,2-stackful,1,2,False,2011203,0.144745521,71.96962265867742
assign-string,0,2-stackful,1,3,False,2011203,0.14464863200000005,71.92144800897773
assign-string,0,2-stackful,1,4,False,2011203,0.144737106,71.96543859570615
assign-string,0,2-stackful,2,0,True,2011203,0.144683005,71.93853877505155
assign-string,0,2-stackful,2,1,True,2011203,0.144839015,72.01610926395794
assign-string,0,2-stackful,2,2,False,2011203,0.14459000900000002,71.89229978276684
assign-string,0,2-stackful,2,3,False,2011203,0.14472459399999998,71.95921744349027
assign-string,0,2-stackful,2,4,False,2011203,0.14538420200000002,72.28718433693666
assign-string,0,2-stackless,2,0,True,2011203,0.138119028,68.67483192894998
assign-string,0,2-stackless,2,1,True,2011203,0.137873235,68.55261999907518
assign-string,0,2-stackless,2,2,False,2011203,0.13815245199999998,68.6914508381302
assign-string,0,2-stackless,2,3,False,2011203,0.13783235200000005,68.53229236432128
assign-string,0,2-stackless,2,4,False,2011203,0.13785450099999996,68.54330517605631
assign-string,0,1x,2,0,True,2011203,0.0201884,10.037972298171791
assign-string,0,1x,2,1,True,2011203,0.0203304,10.108576807015503
assign-string,0,1x,2,2,False,2011203,0.0201394,10.0136087704722
assign-string,0,1x,2,3,False,2011203,0.0199921,9.940369022918125
assign-string,0,1x,2,4,False,2011203,0.0199802,9.93445216619108
assign-int,8,1x,0,0,True,711917,0.0219942,30.89433178305898
assign-int,8,1x,0,1,True,711917,0.020779,29.187391226786268
assign-int,8,1x,0,2,False,711917,0.0222058,31.191557442791787
assign-int,8,1x,0,3,False,711917,0.0222762,31.290445374952416
assign-int,8,1x,0,4,False,711917,0.0221766,31.15054142547516
assign-int,8,2-stackful,0,0,True,711917,0.194864271,273.717681976972
assign-int,8,2-stackful,0,1,True,711917,0.19500264300000003,273.9120473313603
assign-int,8,2-stackful,0,2,False,711917,0.19486083199999998,273.71285135767226
assign-int,8,2-stackful,0,3,False,711917,0.19521913700000004,274.216147387968
assign-int,8,2-stackful,0,4,False,711917,0.195693016,274.8817853766661
assign-int,8,2-stackless,0,0,True,711917,0.193637652,271.9947016295439
assign-int,8,2-stackless,0,1,True,711917,0.19326966499999998,271.4778056992598
assign-int,8,2-stackless,0,2,False,711917,0.19301533299999996,271.12055618843203
assign-int,8,2-stackless,0,3,False,711917,0.19286270500000002,270.90616602778135
assign-int,8,2-stackless,0,4,False,711917,0.19280916699999995,270.8309634409628
assign-int,8,2-stackful,1,0,True,711917,0.19519062499999998,274.1760977754429
assign-int,8,2-stackful,1,1,True,711917,0.194955168,273.84536118676755
assign-int,8,2-stackful,1,2,False,711917,0.19500302900000005,273.91258952939745
assign-int,8,2-stackful,1,3,False,711917,0.19537077800000002,274.42915115104717
assign-int,8,2-stackful,1,4,False,711917,0.19486524299999997,273.71904730467173
assign-int,8,2-stackless,1,0,True,711917,0.19512126999999999,274.0786777110253
assign-int,8,2-stackless,1,1,True,711917,0.193661336,272.02796955263045
assign-int,8,2-stackless,1,2,False,711917,0.194039379,272.5589907250424
assign-int,8,2-stackless,1,3,False,711917,0.19395929899999997,272.4465057022096
assign-int,8,2-stackless,1,4,False,711917,0.19398945199999995,272.4888603587215
assign-int,8,1x,1,0,True,711917,0.0214664,30.152953223479702
assign-int,8,1x,1,1,True,711917,0.0215146,30.22065774521468
assign-int,8,1x,1,2,False,711917,0.0222034,31.188186263286312
assign-int,8,1x,1,3,False,711917,0.0219094,30.77521677386549
assign-int,8,1x,1,4,False,711917,0.0219722,30.863429304258784
assign-int,8,2-stackful,2,0,True,711917,0.195053439,273.9833983455937
assign-int,8,2-stackful,2,1,True,711917,0.195802957,275.0362148958376
assign-int,8,2-stackful,2,2,False,711917,0.195193338,274.17990861294226
assign-int,8,2-stackful,2,3,False,711917,0.195416892,274.49392555592857
assign-int,8,2-stackful,2,4,False,711917,0.19613936200000004,275.50874891314584
assign-int,8,2-stackless,2,0,True,711917,0.193691732,272.0706655410673
assign-int,8,2-stackless,2,1,True,711917,0.191744831,269.3359352284044
assign-int,8,2-stackless,2,2,False,711917,0.191617453,269.1570126854675
assign-int,8,2-stackless,2,3,False,711917,0.19169260599999993,269.26257695770704
assign-int,8,2-stackless,2,4,False,711917,0.19234177400000008,270.1744360648785
assign-int,8,1x,2,0,True,711917,0.0228803,32.138999349643285
assign-int,8,1x,2,1,True,711917,0.0220217,30.932959881559228
assign-int,8,1x,2,2,False,711917,0.0217899,30.60736012765533
assign-int,8,1x,2,3,False,711917,0.0218296,30.663125055308413
assign-int,8,1x,2,4,False,711917,0.0221579,31.124274318494994
assign-seq,0,2-stackless,0,0,True,290482,0.020099049,69.19206353577846
assign-seq,0,2-stackless,0,1,True,290482,0.019998289000000002,68.84519178468891
assign-seq,0,2-stackless,0,2,False,290482,0.019818722000000004,68.22702267266132
assign-seq,0,2-stackless,0,3,False,290482,0.019882538999999998,68.44671614764425
assign-seq,0,2-stackless,0,4,False,290482,0.020174827999999992,69.45293684290246
assign-seq,0,1x,0,0,True,290482,0.0207885,71.5655359023967
assign-seq,0,1x,0,1,True,290482,0.0205478,70.73691313058984
assign-seq,0,1x,0,2,False,290482,0.0208717,71.85195640349488
assign-seq,0,1x,0,3,False,290482,0.0207911,71.57448654305603
assign-seq,0,1x,0,4,False,290482,0.0211804,72.9146728540839
assign-seq,0,2-stackful,0,0,True,290482,0.020901965,71.95614530332344
assign-seq,0,2-stackful,0,1,True,290482,0.020618266,70.97949614778196
assign-seq,0,2-stackful,0,2,False,290482,0.020884901999999997,71.89740500271961
assign-seq,0,2-stackful,0,3,False,290482,0.020839491,71.74107517849643
assign-seq,0,2-stackful,0,4,False,290482,0.020641798000000003,71.060506330857
assign-seq,0,2-stackless,1,0,True,290482,0.019787681999999997,68.12016579340543
assign-seq,0,2-stackless,1,1,True,290482,0.019751568,67.99584139464751
assign-seq,0,2-stackless,1,2,False,290482,0.019897501999999997,68.49822708463863
assign-seq,0,2-stackless,1,3,False,290482,0.019841378,68.30501717834495
assign-seq,0,2-stackless,1,4,False,290482,0.019752989999999998,68.00073670657733
assign-seq,0,1x,1,0,True,290482,0.0205514,70.7493063253489
assign-seq,0,1x,1,1,True,290482,0.0205456,70.72933951157043
assign-seq,0,1x,1,2,False,290482,0.0210293,72.39450292961354
assign-seq,0,1x,1,3,False,290482,0.0209566,72.14422924656262
assign-seq,0,1x,1,4,False,290482,0.0206913,71.2309196439022
assign-seq,0,2-stackful,1,0,True,290482,0.020634453,71.03522077099441
assign-seq,0,2-stackful,1,1,True,290482,0.020824546000000003,71.68962620747587
assign-seq,0,2-stackful,1,2,False,290482,0.020977462000000002,72.21604781019136
assign-seq,0,2-stackful,1,3,False,290482,0.020969398,72.18828705393105
assign-seq,0,2-stackful,1,4,False,290482,0.020969534999999997,72.1887586838427
assign-seq,0,2-stackful,2,0,True,290482,0.020879788,71.87979978105356
assign-seq,0,2-stackful,2,1,True,290482,0.020932566,72.06149090132952
assign-seq,0,2-stackful,2,2,False,290482,0.020966194,72.17725711059549
assign-seq,0,2-stackful,2,3,False,290482,0.020770486000000005,71.50352173284405
assign-seq,0,2-stackful,2,4,False,290482,0.020647884000000005,71.081457715108
assign-seq,0,2-stackless,2,0,True,290482,0.019863296000000003,68.38047107910302
assign-seq,0,2-stackless,2,1,True,290482,0.020255990999999997,69.73234486129948
assign-seq,0,2-stackless,2,2,False,290482,0.019996652999999996,68.83955976618171
assign-seq,0,2-stackless,2,3,False,290482,0.019867732,68.39574224908944
assign-seq,0,2-stackless,2,4,False,290482,0.020086418999999994,69.14858407749875
assign-seq,0,1x,2,0,True,290482,0.0211895,72.94600009639151
assign-seq,0,1x,2,1,True,290482,0.021175,72.89608306194532
assign-seq,0,1x,2,2,False,290482,0.0205065,70.59473564627068
assign-seq,0,1x,2,3,False,290482,0.0208693,71.84369427365552
assign-seq,0,1x,2,4,False,290482,0.0208867,71.90359471499094
assign-int,256,2-stackful,0,0,True,35254,0.24933611,7072.562262438305
assign-int,256,2-stackful,0,1,True,35254,0.248082454,7037.00158847223
assign-int,256,2-stackful,0,2,False,35254,0.248602496,7051.752879105917
assign-int,256,2-stackful,0,3,False,35254,0.24774277900000008,7027.366511601523
assign-int,256,2-stackful,0,4,False,35254,0.24838347000000005,7045.540080558236
assign-int,256,1x,0,0,True,35254,0.0153847,436.39586997220175
assign-int,256,1x,0,1,True,35254,0.015281,433.4543597889601
assign-int,256,1x,0,2,False,35254,0.0152126,431.5141544221932
assign-int,256,1x,0,3,False,35254,0.0153486,435.371872695297
assign-int,256,1x,0,4,False,35254,0.015338,435.0711975945992
assign-int,256,2-stackless,0,0,True,35254,0.251357901,7129.911527769898
assign-int,256,2-stackless,0,1,True,35254,0.251100629,7122.613859420208
assign-int,256,2-stackless,0,2,False,35254,0.251312247,7128.616525784309
assign-int,256,2-stackless,0,3,False,35254,0.25154978799999994,7135.354512963067
assign-int,256,2-stackless,0,4,False,35254,0.2522530810000001,7155.303823679585
assign-int,256,2-stackful,1,0,True,35254,0.250604977,7108.554405173881
assign-int,256,2-stackful,1,1,True,35254,0.24864428299999997,7052.938191410903
assign-int,256,2-stackful,1,2,False,35254,0.24862454900000003,7052.378425143247
assign-int,256,2-stackful,1,3,False,35254,0.249237276,7069.758779145629
assign-int,256,2-stackful,1,4,False,35254,0.24840679,7046.201565779769
assign-int,256,2-stackless,1,0,True,35254,0.2495783,7079.432121177739
assign-int,256,2-stackless,1,1,True,35254,0.249404504,7074.502297611619
assign-int,256,2-stackless,1,2,False,35254,0.24968984600000005,7082.59618766665
assign-int,256,2-stackless,1,3,False,35254,0.24959878000000002,7080.013048164748
assign-int,256,2-stackless,1,4,False,35254,0.2499560110000001,7090.146111079596
assign-int,256,1x,1,0,True,35254,0.0160714,455.874510693822
assign-int,256,1x,1,1,True,35254,0.0158791,450.4198105179554
assign-int,256,1x,1,2,False,35254,0.015733,446.2755999319226
assign-int,256,1x,1,3,False,35254,0.0157927,447.969024791513
assign-int,256,1x,1,4,False,35254,0.0157732,447.4158960685313
assign-int,256,2-stackless,2,0,True,35254,0.25348614399999997,7190.280365348612
assign-int,256,2-stackless,2,1,True,35254,0.25293287300000006,7174.586515005391
assign-int,256,2-stackless,2,2,False,35254,0.25279943299999996,7170.8014126056605
assign-int,256,2-stackless,2,3,False,35254,0.252618519,7165.669682872865
assign-int,256,2-stackless,2,4,False,35254,0.25281837799999995,7171.338798434219
assign-int,256,1x,2,0,True,35254,0.0162803,461.8000794236116
assign-int,256,1x,2,1,True,35254,0.0162544,461.0654110171895
assign-int,256,1x,2,2,False,35254,0.016258,461.1675270891247
assign-int,256,1x,2,3,False,35254,0.0163161,462.81556702785497
assign-int,256,1x,2,4,False,35254,0.0162543,461.0625744596358
assign-int,256,2-stackful,2,0,True,35254,0.24799375299999998,7034.485533556475
assign-int,256,2-stackful,2,1,True,35254,0.247730617,7027.021529471833
assign-int,256,2-stackful,2,2,False,35254,0.24766992799999998,7025.300051058035
assign-int,256,2-stackful,2,3,False,35254,0.24784286,7030.2053667668915
assign-int,256,2-stackful,2,4,False,35254,0.24778790000000017,7028.646394735354
assign-seq,64,2-stackless,0,0,True,6875,0.019984901,2906.894690909091
assign-seq,64,2-stackless,0,1,True,6875,0.019936659,2899.8776727272725
assign-seq,64,2-stackless,0,2,False,6875,0.019936833,2899.9029818181816
assign-seq,64,2-stackless,0,3,False,6875,0.019908267,2895.7479272727273
assign-seq,64,2-stackless,0,4,False,6875,0.019953552,2902.3348363636364
assign-seq,64,2-stackful,0,0,True,6875,0.019991308,2907.826618181818
assign-seq,64,2-stackful,0,1,True,6875,0.019970987,2904.8708363636365
assign-seq,64,2-stackful,0,2,False,6875,0.019978322,2905.9377454545456
assign-seq,64,2-stackful,0,3,False,6875,0.019950303000000003,2901.862254545455
assign-seq,64,2-stackful,0,4,False,6875,0.020032311999999997,2913.7908363636357
assign-seq,64,1x,0,0,True,6875,0.0299777,4360.392727272727
assign-seq,64,1x,0,1,True,6875,0.0296152,4307.665454545455
assign-seq,64,1x,0,2,False,6875,0.0296046,4306.123636363636
assign-seq,64,1x,0,3,False,6875,0.029545,4297.454545454545
assign-seq,64,1x,0,4,False,6875,0.0295465,4297.672727272728
assign-seq,64,2-stackless,1,0,True,6875,0.020850854,3032.851490909091
assign-seq,64,2-stackless,1,1,True,6875,0.020903047999999997,3040.443345454545
assign-seq,64,2-stackless,1,2,False,6875,0.020849520999999996,3032.6575999999995
assign-seq,64,2-stackless,1,3,False,6875,0.020887055,3038.117090909091
assign-seq,64,2-stackless,1,4,False,6875,0.020854918,3033.442618181818
assign-seq,64,2-stackful,1,0,True,6875,0.020025366000000003,2912.7805090909096
assign-seq,64,2-stackful,1,1,True,6875,0.020027763,2913.1291636363635
assign-seq,64,2-stackful,1,2,False,6875,0.019966456,2904.211781818182
assign-seq,64,2-stackful,1,3,False,6875,0.019965310000000007,2904.045090909092
assign-seq,64,2-stackful,1,4,False,6875,0.020123673999999994,2927.0798545454536
assign-seq,64,1x,1,0,True,6875,0.0301276,4382.1963636363635
assign-seq,64,1x,1,1,True,6875,0.0298083,4335.7527272727275
assign-seq,64,1x,1,2,False,6875,0.0293157,4264.101818181818
assign-seq,64,1x,1,3,False,6875,0.0296039,4306.021818181818
assign-seq,64,1x,1,4,False,6875,0.029471,4286.690909090909
assign-seq,64,2-stackful,2,0,True,6875,0.019989463,2907.5582545454545
assign-seq,64,2-stackful,2,1,True,6875,0.020025451000000003,2912.7928727272733
assign-seq,64,2-stackful,2,2,False,6875,0.019955557,2902.626472727273
assign-seq,64,2-stackful,2,3,False,6875,0.020166120999999995,2933.253963636363
assign-seq,64,2-stackful,2,4,False,6875,0.020049831000000004,2916.339054545455
assign-seq,64,1x,2,0,True,6875,0.0299657,4358.647272727273
assign-seq,64,1x,2,1,True,6875,0.0293509,4269.221818181818
assign-seq,64,1x,2,2,False,6875,0.0299036,4349.614545454546
assign-seq,64,1x,2,3,False,6875,0.0297092,4321.3381818181815
assign-seq,64,1x,2,4,False,6875,0.0295973,4305.061818181818
assign-seq,64,2-stackless,2,0,True,6875,0.020173915,2934.3876363636364
assign-seq,64,2-stackless,2,1,True,6875,0.020287103999999997,2950.8514909090904
assign-seq,64,2-stackless,2,2,False,6875,0.020030266999999997,2913.493381818181
assign-seq,64,2-stackless,2,3,False,6875,0.020018565999999995,2911.791418181818
assign-seq,64,2-stackless,2,4,False,6875,0.020023787,2912.5508363636363
assign-seq,8,2-stackless,0,0,True,47765,0.020221105,423.34565058096933
assign-seq,8,2-stackless,0,1,True,47765,0.020216381,423.2467497121323
assign-seq,8,2-stackless,0,2,False,47765,0.020189919,422.6927457343243
assign-seq,8,2-stackless,0,3,False,47765,0.020259334000000004,424.1460064901079
assign-seq,8,2-stackless,0,4,False,47765,0.020260636999999998,424.1732858787815
assign-seq,8,1x,0,0,True,47765,0.0295908,619.508007955616
assign-seq,8,1x,0,1,True,47765,0.0292565,612.5091594263582
assign-seq,8,1x,0,2,False,47765,0.0292017,611.3618758505181
assign-seq,8,1x,0,3,False,47765,0.0287067,600.998639170941
assign-seq,8,1x,0,4,False,47765,0.0290565,608.3219930911755
assign-seq,8,2-stackful,0,0,True,47765,0.02036696,426.39924631005965
assign-seq,8,2-stackful,0,1,True,47765,0.020322645999999996,425.47149586517315
assign-seq,8,2-stackful,0,2,False,47765,0.020341526000000006,425.86676436721467
assign-seq,8,2-stackful,0,3,False,47765,0.020289763000000002,424.7830629121743
assign-seq,8,2-stackful,0,4,False,47765,0.020278784999999994,424.5532293520358
assign-seq,8,2-stackless,1,0,True,47765,0.020403235999999998,427.1587145399351
assign-seq,8,2-stackless,1,1,True,47765,0.020381097999999997,426.69523709829366
assign-seq,8,2-stackless,1,2,False,47765,0.020144462000000002,421.74106563383236
assign-seq,8,2-stackless,1,3,False,47765,0.020459166,428.3296556055689
assign-seq,8,2-stackless,1,4,False,47765,0.020459797000000002,428.34286611535646
assign-seq,8,2-stackful,1,0,True,47765,0.020504788,429.28479011828745
assign-seq,8,2-stackful,1,1,True,47765,0.020365551000000003,426.3697477232284
assign-seq,8,2-stackful,1,2,False,47765,0.020294267999999997,424.8773788338741
assign-seq,8,2-stackful,1,3,False,47765,0.020315419,425.32019260965143
assign-seq,8,2-stackful,1,4,False,47765,0.020303061999999997,425.0614885376321
assign-seq,8,1x,1,0,True,47765,0.0297737,623.3371715691405
assign-seq,8,1x,1,1,True,47765,0.0289647,606.4000837433267
assign-seq,8,1x,1,2,False,47765,0.0293192,613.821836072438
assign-seq,8,1x,1,3,False,47765,0.0296411,620.5610802889145
assign-seq,8,1x,1,4,False,47765,0.0288454,603.9024390243902
assign-seq,8,2-stackless,2,0,True,47765,0.020215014,423.2181304302313
assign-seq,8,2-stackless,2,1,True,47765,0.020317312,425.35982413901394
assign-seq,8,2-stackless,2,2,False,47765,0.020256139,424.0791165079033
assign-seq,8,2-stackless,2,3,False,47765,0.020180323000000007,422.4918454935624
assign-seq,8,2-stackless,2,4,False,47765,0.020184758999999997,422.5847168428765
assign-seq,8,2-stackful,2,0,True,47765,0.020295006,424.892829477651
assign-seq,8,2-stackful,2,1,True,47765,0.020291287999999998,424.8149900554799
assign-seq,8,2-stackful,2,2,False,47765,0.020375256,426.57292996964304
assign-seq,8,2-stackful,2,3,False,47765,0.020284297,424.66862765623364
assign-seq,8,2-stackful,2,4,False,47765,0.020288416000000004,424.7548623469068
assign-seq,8,1x,2,0,True,47765,0.0299804,627.6646079765519
assign-seq,8,1x,2,1,True,47765,0.0292115,611.5670470009421
assign-seq,8,1x,2,2,False,47765,0.029061,608.4162043337171
assign-seq,8,1x,2,3,False,47765,0.0295315,618.2665131372344
assign-seq,8,1x,2,4,False,47765,0.0290681,608.5648487386161
assign-string,256,1x,0,0,True,15537,0.0195209,1256.4137220827702
assign-string,256,1x,0,1,True,15537,0.0191159,1230.3469138186265
assign-string,256,1x,0,2,False,15537,0.0198467,1277.383021175259
assign-string,256,1x,0,3,False,15537,0.0190749,1227.7080517474417
assign-string,256,1x,0,4,False,15537,0.019043,1225.6548883310807
assign-string,256,2-stackless,0,0,True,15537,0.19559141100000002,12588.750144815604
assign-string,256,2-stackless,0,1,True,15537,0.19504286,12553.444036815345
assign-string,256,2-stackless,0,2,False,15537,0.195173005,12561.82049301667
assign-string,256,2-stackless,0,3,False,15537,0.19557789000000003,12587.879899594518
assign-string,256,2-stackless,0,4,False,15537,0.195822398,12603.61704318723
assign-string,256,2-stackful,0,0,True,15537,0.17887125,11512.59895732767
assign-string,256,2-stackful,0,1,True,15537,0.17788893599999997,11449.374782776596
assign-string,256,2-stackful,0,2,False,15537,0.17817574800000002,11467.83471712686
assign-string,256,2-stackful,0,3,False,15537,0.17887002099999993,11512.519855828019
assign-string,256,2-stackful,0,4,False,15537,0.17880103299999994,11508.079616399558
assign-string,256,2-stackful,1,0,True,15537,0.17800644999999998,11456.938276372528
assign-string,256,2-stackful,1,1,True,15537,0.178366041,11480.082448349101
assign-string,256,2-stackful,1,2,False,15537,0.17810699199999996,11463.40940979597
assign-string,256,2-stackful,1,3,False,15537,0.17785234100000002,11447.019437471843
assign-string,256,2-stackful,1,4,False,15537,0.17834466599999999,11478.706700135159
assign-string,256,1x,1,0,True,15537,0.0189201,1217.74473836648
assign-string,256,1x,1,1,True,15537,0.0194858,1254.1545986998776
assign-string,256,1x,1,2,False,15537,0.0189714,1221.0465340799383
assign-string,256,1x,1,3,False,15537,0.0188717,1214.629593872691
assign-string,256,1x,1,4,False,15537,0.0192633,1239.833944776984
assign-string,256,2-stackless,1,0,True,15537,0.178059349,11460.342987706765
assign-string,256,2-stackless,1,1,True,15537,0.176935053,11387.980498165669
assign-string,256,2-stackless,1,2,False,15537,0.177905747,11450.456780588273
assign-string,256,2-stackless,1,3,False,15537,0.176746733,11375.85975413529
assign-string,256,2-stackless,1,4,False,15537,0.17763809600000002,11433.230095900111
assign-string,256,1x,2,0,True,15537,0.020352,1309.9053871403746
assign-string,256,1x,2,1,True,15537,0.0206834,1331.2351161742936
assign-string,256,1x,2,2,False,15537,0.0202082,1300.650061144365
assign-string,256,1x,2,3,False,15537,0.0202815,1305.3678316277274
assign-string,256,1x,2,4,False,15537,0.021708,1397.1809229581
assign-string,256,2-stackful,2,0,True,15537,0.17810927699999998,11463.55647808457
assign-string,256,2-stackful,2,1,True,15537,0.177932989,11452.210143528351
assign-string,256,2-stackful,2,2,False,15537,0.17785096499999997,11446.930874686232
assign-string,256,2-stackful,2,3,False,15537,0.177788037,11442.880671944391
assign-string,256,2-stackful,2,4,False,15537,0.17803536799999997,11458.799510845078
assign-string,256,2-stackless,2,0,True,15537,0.17854963299999999,11491.89888652893
assign-string,256,2-stackless,2,1,True,15537,0.17849634500000003,11488.469138186267
assign-string,256,2-stackless,2,2,False,15537,0.178291148,11475.2621484199
assign-string,256,2-stackless,2,3,False,15537,0.17826013400000007,11473.266010169276
assign-string,256,2-stackless,2,4,False,15537,0.17830449400000004,11476.121130205318
assign-string,8,2-stackless,0,0,True,336737,0.144425388,428.89669979835895
assign-string,8,2-stackless,0,1,True,336737,0.14422495,428.30146375361187
assign-string,8,2-stackless,0,2,False,336737,0.144250053,428.37601154610275
assign-string,8,2-stackless,0,3,False,336737,0.14419790899999996,428.22116072780824
assign-string,8,2-stackless,0,4,False,336737,0.144197668,428.22044503574006
assign-string,8,2-stackful,0,0,True,336737,0.144490957,429.0914185254368
assign-string,8,2-stackful,0,1,True,336737,0.14446065700000002,429.00143732348994
assign-string,8,2-stackful,0,2,False,336737,0.144879305,430.24468650608634
assign-string,8,2-stackful,0,3,False,336737,0.14450694199999997,429.1388888063978
assign-string,8,2-stackful,0,4,False,336737,0.14439736400000003,428.81347758042637
assign-string,8,1x,0,0,True,336737,0.0197285,58.58726543266704
assign-string,8,1x,0,1,True,336737,0.0196711,58.41680599399531
assign-string,8,1x,0,2,False,336737,0.0197218,58.56736859923323
assign-string,8,1x,0,3,False,336737,0.0197464,58.640422644378255
assign-string,8,1x,0,4,False,336737,0.0198963,59.0855771715018
assign-string,8,1x,1,0,True,336737,0.0198498,58.947487208117906
assign-string,8,1x,1,1,True,336737,0.0198399,58.91808740946198
assign-string,8,1x,1,2,False,336737,0.0199061,59.11468000249453
assign-string,8,1x,1,3,False,336737,0.019978,59.32819975232897
assign-string,8,1x,1,4,False,336737,0.0197915,58.77435506047746
assign-string,8,2-stackful,1,0,True,336737,0.144511285,429.15178611201026
assign-string,8,2-stackful,1,1,True,336737,0.14442095700000002,428.883541161203
assign-string,8,2-stackful,1,2,False,336737,0.144666646,429.61315804322066
assign-string,8,2-stackful,1,3,False,336737,0.14435513500000002,428.68807110593735
assign-string,8,2-stackful,1,4,False,336737,0.14453274000000005,429.2155005241481
assign-string,8,2-stackless,1,0,True,336737,0.143970581,427.5460700784292
assign-string,8,2-stackless,1,1,True,336737,0.14393622799999997,427.444052777093
assign-string,8,2-stackless,1,2,False,336737,0.14400105199999996,427.63655909508003
assign-string,8,2-stackless,1,3,False,336737,0.14393997900000005,427.4551920341396
assign-string,8,2-stackless,1,4,False,336737,0.14418120600000006,428.1715582190257
assign-string,8,1x,2,0,True,336737,0.0196225,58.27247970968441
assign-string,8,1x,2,1,True,336737,0.0197763,58.72921597567241
assign-string,8,1x,2,2,False,336737,0.0197462,58.63982870905187
assign-string,8,1x,2,3,False,336737,0.0198781,59.031529056801006
assign-string,8,1x,2,4,False,336737,0.0196753,58.42927863584934
assign-string,8,2-stackless,2,0,True,336737,0.14552276600000003,432.1555576013329
assign-string,8,2-stackless,2,1,True,336737,0.145585213,432.3410049979658
assign-string,8,2-stackless,2,2,False,336737,0.14557690900000003,432.31634480321446
assign-string,8,2-stackless,2,3,False,336737,0.145616731,432.4346032660504
assign-string,8,2-stackless,2,4,False,336737,0.14556216200000005,432.27255098192376
assign-string,8,2-stackful,2,0,True,336737,0.144920272,430.3663452486659
assign-string,8,2-stackful,2,1,True,336737,0.14441865500000003,428.8767049655964
assign-string,8,2-stackful,2,2,False,336737,0.144451198,428.9733471522286
assign-string,8,2-stackful,2,3,False,336737,0.14430744299999998,428.54644128800805
assign-string,8,2-stackful,2,4,False,336737,0.14443098399999998,428.91331810879103
assign-int,0,2-stackless,0,0,True,2952509,0.151241395,51.22470244798576
assign-int,0,2-stackless,0,1,True,2952509,0.15106571200000002,51.1651994964283
assign-int,0,2-stackless,0,2,False,2952509,0.151918518,51.45404061427078
assign-int,0,2-stackless,0,3,False,2952509,0.15125275500000002,51.22855002304821
assign-int,0,2-stackless,0,4,False,2952509,0.1510230079999999,51.15073586566541
assign-int,0,2-stackful,0,0,True,2952509,0.15911736099999998,53.8922526569775
assign-int,0,2-stackful,0,1,True,2952509,0.15905233300000002,53.87022799930501
assign-int,0,2-stackful,0,2,False,2952509,0.15916703100000001,53.909075637026
assign-int,0,2-stackful,0,3,False,2952509,0.159348212,53.970440733626894
assign-int,0,2-stackful,0,4,False,2952509,0.15909250900000005,53.883835409138484
assign-int,0,1x,0,0,True,2952509,0.0187559,6.352529323365314
assign-int,0,1x,0,1,True,2952509,0.0184525,6.2497692640395
assign-int,0,1x,0,2,False,2952509,0.0183706,6.222030144531312
assign-int,0,1x,0,3,False,2952509,0.0183966,6.230836214216451
assign-int,0,1x,0,4,False,2952509,0.0183922,6.229345956269736
assign-int,0,2-stackful,1,0,True,2952509,0.159268833,53.94355546418318
assign-int,0,2-stackful,1,1,True,2952509,0.159190468,53.91701363145718
assign-int,0,2-stackful,1,2,False,2952509,0.159230963,53.93072908499178
assign-int,0,2-stackful,1,3,False,2952509,0.159187052,53.91585664937855
assign-int,0,2-stackful,1,4,False,2952509,0.15991219899999998,54.16146030376198
assign-int,0,2-stackless,1,0,True,2952509,0.15164482599999998,51.36134250564519
assign-int,0,2-stackless,1,1,True,2952509,0.151664622,51.36804731162547
assign-int,0,2-stackless,1,2,False,2952509,0.151956453,51.466889008636386
assign-int,0,2-stackless,1,3,False,2952509,0.15149141,51.309381275383075
assign-int,0,2-stackless,1,4,False,2952509,0.15189793900000004,51.447070610115
assign-int,0,1x,1,0,True,2952509,0.0188519,6.38504404220275
assign-int,0,1x,1,1,True,2952509,0.0186579,6.319337214552098
assign-int,0,1x,1,2,False,2952509,0.0186738,6.324722464859549
assign-int,0,1x,1,3,False,2952509,0.0186069,6.30206377016971
assign-int,0,1x,1,4,False,2952509,0.0186421,6.313985833743437
assign-int,0,2-stackful,2,0,True,2952509,0.159862374,54.14458482599037
assign-int,0,2-stackful,2,1,True,2952509,0.15930972399999999,53.95740504093298
assign-int,0,2-stackful,2,2,False,2952509,0.15934221599999998,53.968409918479495
assign-int,0,2-stackful,2,3,False,2952509,0.159954359,54.17573968445143
assign-int,0,2-stackful,2,4,False,2952509,0.15939910599999996,53.98767827634055
assign-int,0,1x,2,0,True,2952509,0.0184843,6.260539764654401
assign-int,0,1x,2,1,True,2952509,0.0185046,6.267415272908567
assign-int,0,1x,2,2,False,2952509,0.0185739,6.290886835569341
assign-int,0,1x,2,3,False,2952509,0.0185523,6.283571023830918
assign-int,0,1x,2,4,False,2952509,0.0184507,6.249159613061298
assign-int,0,2-stackless,2,0,True,2952509,0.152260933,51.57001485854912
assign-int,0,2-stackless,2,1,True,2952509,0.15190832900000004,51.450589651039174
assign-int,0,2-stackless,2,2,False,2952509,0.151552507,51.33007452305819
assign-int,0,2-stackless,2,3,False,2952509,0.15137609900000004,51.2703260176345
assign-int,0,2-stackless,2,4,False,2952509,0.15144061200000003,51.29217624738825
assign-table,256,1x,0,0,True,1768,0.0357222,20204.864253393665
assign-table,256,1x,0,1,True,1768,0.0351982,19908.48416289593
assign-table,256,1x,0,2,False,1768,0.0352865,19958.427601809955
assign-table,256,1x,0,3,False,1768,0.0351855,19901.300904977375
assign-table,256,1x,0,4,False,1768,0.0351344,19872.39819004525
assign-table,256,2-stackless,0,0,True,1768,0.020291261,11476.95757918552
assign-table,256,2-stackless,0,1,True,1768,0.020582588,11641.735294117647
assign-table,256,2-stackless,0,2,False,1768,0.020336103,11502.320701357467
assign-table,256,2-stackless,0,3,False,1768,0.020238339000000008,11447.024321266972
assign-table,256,2-stackless,0,4,False,1768,0.02021737700000001,11435.167986425344
assign-table,256,2-stackful,0,0,True,1768,0.020210139000000002,11431.074095022626
assign-table,256,2-stackful,0,1,True,1768,0.02048755,11587.98076923077
assign-table,256,2-stackful,0,2,False,1768,0.020255821,11456.912330316742
assign-table,256,2-stackful,0,3,False,1768,0.020134631,11388.365950226244
assign-table,256,2-stackful,0,4,False,1768,0.020129443999999996,11385.43212669683
assign-table,256,2-stackful,1,0,True,1768,0.020292492000000002,11477.653846153848
assign-table,256,2-stackful,1,1,True,1768,0.020482770999999997,11585.277714932125
assign-table,256,2-stackful,1,2,False,1768,0.020222689000000002,11438.17251131222
assign-table,256,2-stackful,1,3,False,1768,0.020211797000000004,11432.011877828056
assign-table,256,2-stackful,1,4,False,1768,0.020521017000000003,11606.910067873305
assign-table,256,1x,1,0,True,1768,0.0357183,20202.658371040725
assign-table,256,1x,1,1,True,1768,0.0352787,19954.01583710407
assign-table,256,1x,1,2,False,1768,0.0353073,19970.19230769231
assign-table,256,1x,1,3,False,1768,0.0357475,20219.174208144796
assign-table,256,1x,1,4,False,1768,0.0352469,19936.029411764706
assign-table,256,2-stackless,1,0,True,1768,0.020176233000000002,11411.89649321267
assign-table,256,2-stackless,1,1,True,1768,0.020375744999999997,11524.742647058822
assign-table,256,2-stackless,1,2,False,1768,0.020182363000000002,11415.363687782805
assign-table,256,2-stackless,1,3,False,1768,0.020140909999999998,11391.917420814478
assign-table,256,2-stackless,1,4,False,1768,0.020184344000000007,11416.484162895931
assign-table,256,2-stackless,2,0,True,1768,0.020060065000000002,11346.19061085973
assign-table,256,2-stackless,2,1,True,1768,0.020055330999999996,11343.513009049771
assign-table,256,2-stackless,2,2,False,1768,0.020042072,11336.013574660634
assign-table,256,2-stackless,2,3,False,1768,0.020015022000000007,11320.713800904981
assign-table,256,2-stackless,2,4,False,1768,0.020034443,11331.698529411764
assign-table,256,2-stackful,2,0,True,1768,0.020187034,11418.005656108597
assign-table,256,2-stackful,2,1,True,1768,0.020233241000000003,11444.140837104074
assign-table,256,2-stackful,2,2,False,1768,0.020157742,11401.43778280543
assign-table,256,2-stackful,2,3,False,1768,0.020130520000000006,11386.040723981905
assign-table,256,2-stackful,2,4,False,1768,0.02014627699999999,11394.953054298636
assign-table,256,1x,2,0,True,1768,0.0351308,19870.361990950227
assign-table,256,1x,2,1,True,1768,0.0350131,19803.789592760182
assign-table,256,1x,2,2,False,1768,0.0351346,19872.511312217193
assign-table,256,1x,2,3,False,1768,0.0351351,19872.79411764706
assign-table,256,1x,2,4,False,1768,0.0352718,19950.113122171944
assign-seq,256,2-stackless,0,0,True,1754,0.020811658,11865.255416191561
assign-seq,256,2-stackless,0,1,True,1754,0.020834399,11878.220638540479
assign-seq,256,2-stackless,0,2,False,1754,0.020795717999999998,11856.167616875711
assign-seq,256,2-stackless,0,3,False,1754,0.020777902000000008,11846.010262257701
assign-seq,256,2-stackless,0,4,False,1754,0.020841738999999998,11882.405359179018
assign-seq,256,1x,0,0,True,1754,0.0295273,16834.264538198404
assign-seq,256,1x,0,1,True,1754,0.0293853,16753.306727480045
assign-seq,256,1x,0,2,False,1754,0.0296954,16930.102622576967
assign-seq,256,1x,0,3,False,1754,0.0297349,16952.622576966933
assign-seq,256,1x,0,4,False,1754,0.0293157,16713.625997719497
assign-seq,256,2-stackful,0,0,True,1754,0.019997541,11401.10661345496
assign-seq,256,2-stackful,0,1,True,1754,0.020051675000000005,11431.96978335234
assign-seq,256,2-stackful,0,2,False,1754,0.019990163999999998,11396.900798175597
assign-seq,256,2-stackful,0,3,False,1754,0.019985470999999998,11394.225199543898
assign-seq,256,2-stackful,0,4,False,1754,0.019976438,11389.075256556442
assign-seq,256,2-stackful,1,0,True,1754,0.019985370000000002,11394.167616875715
assign-seq,256,2-stackful,1,1,True,1754,0.020037998999999997,11424.17274800456
assign-seq,256,2-stackful,1,2,False,1754,0.019991519,11397.673318129988
assign-seq,256,2-stackful,1,3,False,1754,0.01998975,11396.664766248574
assign-seq,256,2-stackful,1,4,False,1754,0.01999045299999999,11397.065564424169
assign-seq,256,1x,1,0,True,1754,0.0300899,17155.017103762828
assign-seq,256,1x,1,1,True,1754,0.0294894,16812.65678449259
assign-seq,256,1x,1,2,False,1754,0.0292736,16689.623717217786
assign-seq,256,1x,1,3,False,1754,0.0294382,16783.46636259977
assign-seq,256,1x,1,4,False,1754,0.0294895,16812.713797035347
assign-seq,256,2-stackless,1,0,True,1754,0.020958082,11948.735461801596
assign-seq,256,2-stackless,1,1,True,1754,0.021251252,12115.87913340935
assign-seq,256,2-stackless,1,2,False,1754,0.020914102000000004,11923.661345496012
assign-seq,256,2-stackless,1,3,False,1754,0.020962878000000004,11951.46978335234
assign-seq,256,2-stackless,1,4,False,1754,0.02090580900000001,11918.933295324978
assign-seq,256,2-stackless,2,0,True,1754,0.020008427999999998,11407.313568985177
assign-seq,256,2-stackless,2,1,True,1754,0.020018589999999996,11413.107183580385
assign-seq,256,2-stackless,2,2,False,1754,0.019967436000000005,11383.942987457243
assign-seq,256,2-stackless,2,3,False,1754,0.020009348000000003,11407.838084378565
assign-seq,256,2-stackless,2,4,False,1754,0.019973511,11387.406499429875
assign-seq,256,2-stackful,2,0,True,1754,0.019995798000000002,11400.112884834665
assign-seq,256,2-stackful,2,1,True,1754,0.01999351,11398.808437856329
assign-seq,256,2-stackful,2,2,False,1754,0.019976339000000003,11389.018814139114
assign-seq,256,2-stackful,2,3,False,1754,0.020018908000000002,11413.288483466366
assign-seq,256,2-stackful,2,4,False,1754,0.019983720999999996,11393.227480045607
assign-seq,256,1x,2,0,True,1754,0.0295625,16854.332953249716
assign-seq,256,1x,2,1,True,1754,0.0293098,16710.262257696693
assign-seq,256,1x,2,2,False,1754,0.0295172,16828.506271379705
assign-seq,256,1x,2,3,False,1754,0.0293187,16715.33637400228
assign-seq,256,1x,2,4,False,1754,0.0293918,16757.012542759407
assign-int,64,1x,0,0,True,139066,0.0178833,128.59577466814318
assign-int,64,1x,0,1,True,139066,0.017775,127.81700775171501
assign-int,64,1x,0,2,False,139066,0.0177921,127.93997094904577
assign-int,64,1x,0,3,False,139066,0.0177076,127.33234579264521
assign-int,64,1x,0,4,False,139066,0.0177645,127.74150403405577
assign-int,64,2-stackless,0,0,True,139066,0.249881885,1796.8582183998965
assign-int,64,2-stackless,0,1,True,139066,0.24917855600000002,1791.8006989487008
assign-int,64,2-stackless,0,2,False,139066,0.249549277,1794.4664907310198
assign-int,64,2-stackless,0,3,False,139066,0.24959002200000002,1794.7594811096892
assign-int,64,2-stackless,0,4,False,139066,0.250176391,1798.9759610544634
assign-int,64,2-stackful,0,0,True,139066,0.249731908,1795.779759251003
assign-int,64,2-stackful,0,1,True,139066,0.25015324800000005,1798.8095436699125
assign-int,64,2-stackful,0,2,False,139066,0.24961137000000005,1794.912990953936
assign-int,64,2-stackful,0,3,False,139066,0.250056976,1798.1172680597701
assign-int,64,2-stackful,0,4,False,139066,0.250543834,1801.6181812952125
assign-int,64,2-stackless,1,0,True,139066,0.249539613,1794.3969985474523
assign-int,64,2-stackless,1,1,True,139066,0.24919041699999997,1791.8859893863344
assign-int,64,2-stackless,1,2,False,139066,0.24958715799999998,1794.7388865718433
assign-int,64,2-stackless,1,3,False,139066,0.24925058499999997,1792.3186472610125
assign-int,64,2-stackless,1,4,False,139066,0.2495539240000001,1794.4999065192073
assign-int,64,1x,1,0,True,139066,0.013597,97.77371895359038
assign-int,64,1x,1,1,True,139066,0.0135686,97.56949937439776
assign-int,64,1x,1,2,False,139066,0.0135474,97.41705377302863
assign-int,64,1x,1,3,False,139066,0.0134285,96.5620640559159
assign-int,64,1x,1,4,False,139066,0.0131948,94.88156702572878
assign-int,64,2-stackful,1,0,True,139066,0.249654029,1795.2197445817094
assign-int,64,2-stackful,1,1,True,139066,0.249904516,1797.020954079358
assign-int,64,2-stackful,1,2,False,139066,0.24965084399999998,1795.1968417873525
assign-int,64,2-stackful,1,3,False,139066,0.24983888799999998,1796.5490342714968
assign-int,64,2-stackful,1,4,False,139066,0.25022137,1799.2993974084247
assign-int,64,2-stackful,2,0,True,139066,0.250087137,1798.3341506910388
assign-int,64,2-stackful,2,1,True,139066,0.249818885,1796.405196093941
assign-int,64,2-stackful,2,2,False,139066,0.24974105200000002,1795.8455122028392
assign-int,64,2-stackful,2,3,False,139066,0.24975937199999998,1795.9772482130784
assign-int,64,2-stackful,2,4,False,139066,0.250553315,1801.6863575568434
assign-int,64,2-stackless,2,0,True,139066,0.249533589,1794.3536809860066
assign-int,64,2-stackless,2,1,True,139066,0.24957887199999998,1794.6793033523647
assign-int,64,2-stackless,2,2,False,139066,0.24947522499999997,1793.933995369105
assign-int,64,2-stackless,2,3,False,139066,0.2502256220000001,1799.3299728186623
assign-int,64,2-stackless,2,4,False,139066,0.2499647829999999,1797.4543238462306
assign-int,64,1x,2,0,True,139066,0.0136248,97.97362403463104
assign-int,64,1x,2,1,True,139066,0.0135684,97.56806120834712
assign-int,64,1x,2,2,False,139066,0.0133846,96.24638660779773
assign-int,64,1x,2,3,False,139066,0.0135988,97.78666244804626
assign-int,64,1x,2,4,False,139066,0.013608,97.85281808637626
assign-table,8,2-stackless,0,0,True,46926,0.020086991000000002,428.05674892383763
assign-table,8,2-stackless,0,1,True,46926,0.02006613,427.61219792865364
assign-table,8,2-stackless,0,2,False,46926,0.020267691999999997,431.9075139581468
assign-table,8,2-stackless,0,3,False,46926,0.020097796000000008,428.2870050718154
assign-table,8,2-stackless,0,4,False,46926,0.01997567900000001,425.684673741636
assign-table,8,2-stackful,0,0,True,46926,0.020078917,427.8846907897541
assign-table,8,2-stackful,0,1,True,46926,0.019980144999999998,425.77984486212324
assign-table,8,2-stackful,0,2,False,46926,0.019950088000000005,425.13932574692075
assign-table,8,2-stackful,0,3,False,46926,0.019992846,426.050505050505
assign-table,8,2-stackful,0,4,False,46926,0.01996721,425.5041980991348
assign-table,8,1x,0,0,True,46926,0.0279364,595.3288155819802
assign-table,8,1x,0,1,True,46926,0.0283265,603.6419042748157
assign-table,8,1x,0,2,False,46926,0.0278352,593.1722286152666
assign-table,8,1x,0,3,False,46926,0.0284264,605.7707880492691
assign-table,8,1x,0,4,False,46926,0.0281234,599.3138132378639
assign-table,8,1x,1,0,True,46926,0.0280116,596.9313387034906
assign-table,8,1x,1,1,True,46926,0.0282644,602.318544090696
assign-table,8,1x,1,2,False,46926,0.0282141,601.2466436517069
assign-table,8,1x,1,3,False,46926,0.0279142,594.8557302987683
assign-table,8,1x,1,4,False,46926,0.0283285,603.6845245706005
assign-table,8,2-stackless,1,0,True,46926,0.020243242,431.38648084217704
assign-table,8,2-stackless,1,1,True,46926,0.020224245000000002,430.9816519626646
assign-table,8,2-stackless,1,2,False,46926,0.019892944000000003,423.9215786557559
assign-table,8,2-stackless,1,3,False,46926,0.01989237299999999,423.90941056130913
assign-table,8,2-stackless,1,4,False,46926,0.019923481000000007,424.57232664194703
assign-table,8,2-stackful,1,0,True,46926,0.020307125999999998,432.7478583301368
assign-table,8,2-stackful,1,1,True,46926,0.020329264,433.21962238417933
assign-table,8,2-stackful,1,2,False,46926,0.020103178,428.4016962877722
assign-table,8,2-stackful,1,3,False,46926,0.01995411500000001,425.22514171248366
assign-table,8,2-stackful,1,4,False,46926,0.019980357000000004,425.7843626134766
assign-table,8,2-stackless,2,0,True,46926,0.020009558,426.40664024208326
assign-table,8,2-stackless,2,1,True,46926,0.019932592,424.7664833993948
assign-table,8,2-stackless,2,2,False,46926,0.019916338,424.42010825555127
assign-table,8,2-stackless,2,3,False,46926,0.019942134999999993,424.96984614073205
assign-table,8,2-stackless,2,4,False,46926,0.019953886000000004,425.2202616886162
assign-table,8,1x,2,0,True,46926,0.02847,606.6999104973788
assign-table,8,1x,2,1,True,46926,0.0279057,594.6745940416827
assign-table,8,1x,2,2,False,46926,0.0279436,595.4822486468056
assign-table,8,1x,2,3,False,46926,0.0280553,597.8625921663896
assign-table,8,1x,2,4,False,46926,0.0283214,603.5332225205643
assign-table,8,2-stackful,2,0,True,46926,0.020014059,426.5025572177471
assign-table,8,2-stackful,2,1,True,46926,0.019968994999999996,425.5422367131227
assign-table,8,2-stackful,2,2,False,46926,0.019987052000000005,425.9270340536164
assign-table,8,2-stackful,2,3,False,46926,0.019967027,425.5002983420705
assign-table,8,2-stackful,2,4,False,46926,0.019963534000000005,425.4258619954823
assign-table,64,2-stackful,0,0,True,6884,0.020058245000000002,2913.7485473561887
assign-table,64,2-stackful,0,1,True,6884,0.020000388999999997,2905.344131319
assign-table,64,2-stackful,0,2,False,6884,0.020020354999999997,2908.2444799535147
assign-table,64,2-stackful,0,3,False,6884,0.019983069000000006,2902.8281522370726
assign-table,64,2-stackful,0,4,False,6884,0.01996299,2899.911388727484
assign-table,64,2-stackless,0,0,True,6884,0.020011145,2906.9065950029053
assign-table,64,2-stackless,0,1,True,6884,0.019993091,2904.283991865195
assign-table,64,2-stackless,0,2,False,6884,0.019966469,2900.4167635095873
assign-table,64,2-stackless,0,3,False,6884,0.019987098000000002,2903.4134224288205
assign-table,64,2-stackless,0,4,False,6884,0.020009489000000005,2906.666037187682
assign-table,64,1x,0,0,True,6884,0.0295149,4287.463683904706
assign-table,64,1x,0,1,True,6884,0.0295913,4298.56188262638
assign-table,64,1x,0,2,False,6884,0.0291768,4238.349796629866
assign-table,64,1x,0,3,False,6884,0.0295679,4295.162696106914
assign-table,64,1x,0,4,False,6884,0.0293587,4264.773387565369
assign-table,64,2-stackless,1,0,True,6884,0.020069169,2915.3354154561302
assign-table,64,2-stackless,1,1,True,6884,0.020036597,2910.603864032539
assign-table,64,2-stackless,1,2,False,6884,0.020037734,2910.7690296339338
assign-table,64,2-stackless,1,3,False,6884,0.020054325999999997,2913.179256246368
assign-table,64,2-stackless,1,4,False,6884,0.020108413000000006,2921.036170830913
assign-table,64,1x,1,0,True,6884,0.0292272,4245.6711214410225
assign-table,64,1x,1,1,True,6884,0.0296625,4308.90470656595
assign-table,64,1x,1,2,False,6884,0.0294737,4281.478791400348
assign-table,64,1x,1,3,False,6884,0.0295678,4295.148169668797
assign-table,64,1x,1,4,False,6884,0.0294535,4278.544450900639
assign-table,64,2-stackful,1,0,True,6884,0.019970116,2900.946542707728
assign-table,64,2-stackful,1,1,True,6884,0.020015760999999997,2907.577135386403
assign-table,64,2-stackful,1,2,False,6884,0.01998341,2902.8776873910515
assign-table,64,2-stackful,1,3,False,6884,0.019986002000000003,2903.2542126670546
assign-table,64,2-stackful,1,4,False,6884,0.019955910999999993,2898.883062173154
assign-table,64,2-stackful,2,0,True,6884,0.019991989,2904.123910517141
assign-table,64,2-stackful,2,1,True,6884,0.020007065000000004,2906.313916327717
assign-table,64,2-stackful,2,2,False,6884,0.019959417,2899.39235909355
assign-table,64,2-stackful,2,3,False,6884,0.019959910999999997,2899.4641196978496
assign-table,64,2-stackful,2,4,False,6884,0.020026254999999993,2909.101539802439
assign-table,64,1x,2,0,True,6884,0.0290408,4218.593840790239
assign-table,64,1x,2,1,True,6884,0.0295128,4287.158628704242
assign-table,64,1x,2,2,False,6884,0.0292174,4244.24753050552
assign-table,64,1x,2,3,False,6884,0.029138,4232.713538640325
assign-table,64,1x,2,4,False,6884,0.0295343,4290.281812899477
assign-table,64,2-stackless,2,0,True,6884,0.020975754000000003,3047.029924462522
assign-table,64,2-stackless,2,1,True,6884,0.021019334,3053.3605461940733
assign-table,64,2-stackless,2,2,False,6884,0.021014511000000007,3052.6599360836735
assign-table,64,2-stackless,2,3,False,6884,0.021002427000000004,3050.904561301569
assign-table,64,2-stackless,2,4,False,6884,0.020936999999999997,3041.400348634514
