case,width,engine,samples,median_ns,min_ns,max_ns,mad_ns
add-float,0,1x,9,6.507203168467673,6.464290401694379,6.565363799896546,0.02071650809745229
add-float,0,2-stackful,9,21.04218994078425,20.938320135673838,21.10015627452848,0.057966333744229104
add-float,0,2-stackless,9,18.101313696828704,18.034810167301888,18.151675721024553,0.03078653246830143
add-float,8,1x,9,14.504776157185082,14.441118879036281,14.696790333028076,0.06053025395903511
add-float,8,2-stackful,9,24.823929180347406,24.71831915004504,25.056912584783305,0.10561003030236549
add-float,8,2-stackless,9,22.00067975549649,21.93426399529457,22.192734135936202,0.049115871136823586
add-float,64,1x,9,75.10315859593287,74.61539884906463,75.47064374664619,0.2257461650907544
add-float,64,2-stackful,9,93.33657272912309,92.65717669263363,93.74433321614275,0.24471994522876628
add-float,64,2-stackless,9,91.30076420628018,90.98278778010103,91.60296800695747,0.18696963529045263
add-float,256,1x,9,373.13481615978213,369.9210167952792,376.14707217430777,1.6305038583749365
add-float,256,2-stackful,9,365.8506945074898,365.06146164321365,366.52370403994564,0.5111756695415579
add-float,256,2-stackless,9,362.1499954607353,361.5478166137085,364.42523831139357,0.43108488424860525
add-float4,0,1x,9,6.507867787746151,6.471168246852919,6.5802656591037305,0.011358559693201542
add-float4,0,2-stackful,9,21.17847680678778,21.13991915743654,21.198264177312296,0.016214430273294056
add-float4,0,2-stackless,9,18.18289110904425,18.14066833903333,18.276649287034594,0.0313396126489458
add-float4,8,1x,9,15.211741768659785,15.053977444524138,15.350905058945376,0.0457753837133037
add-float4,8,2-stackful,9,29.57210503230685,29.450301175998696,29.879531131471037,0.08540247508570786
add-float4,8,2-stackless,9,26.50023232155447,26.390322410265316,26.888869156653616,0.10146825691470696
add-float4,64,1x,9,75.34017258620051,74.60871819562239,76.23162105107218,0.14332802488796403
add-float4,64,2-stackful,9,105.54385393133587,104.41071441798452,106.72565830895151,0.3288063405059063
add-float4,64,2-stackless,9,101.70941076256433,100.85794600199995,102.80021851042554,0.31194770564054863
add-float4,256,1x,9,372.4240122988016,370.64587230732184,379.26059012020966,1.2910037229806335
add-float4,256,2-stackful,9,411.2062827613034,405.58263720387487,412.30763674081766,0.8772898182961626
add-float4,256,2-stackless,9,379.3810776269241,371.93422734260696,383.40880549741615,3.9257626553556406
add-int,0,1x,9,6.420235125425862,6.3627822646436645,6.533676043174279,0.055988056966220334
add-int,0,2-stackful,9,20.949856103369573,20.931381265240578,20.978879970313308,0.010167366042676207
add-int,0,2-stackless,9,18.02391536363551,17.997292147390187,18.265931470781034,0.025565709268178693
add-int,8,1x,9,15.210695872319718,15.116373973623748,15.452621917791342,0.08061634933443429
add-int,8,2-stackful,9,24.836763057230677,24.72251267378328,24.991868297370377,0.035717585605780755
add-int,8,2-stackless,9,21.90474951183604,21.67423988099271,22.96153206482571,0.09182333084889294
add-int,64,1x,9,66.69275905426395,66.2548383915584,67.24378097186953,0.24346046695102075
add-int,64,2-stackful,9,63.00998804270114,61.687603239565085,64.12029720667636,0.7371643943689321
add-int,64,2-stackless,9,62.89397450753188,62.25404945637435,64.3907941125712,0.3534583713419579
add-int,256,1x,9,297.2671363273471,294.73079318845794,308.1740259512383,2.5363431388891513
add-int,256,2-stackful,9,178.5894475491959,177.501539703289,183.3159944904065,0.35432476772854216
add-int,256,2-stackless,9,179.2634427941008,176.56287341094725,181.65293947343025,1.133791881245429
assign-int,0,1x,9,6.481471336504897,6.35938378971641,6.56411521433095,0.05443852406799454
assign-int,0,2-stackful,9,20.95160825299295,20.936458440616455,21.02247162168889,0.011902596676911514
assign-int,0,2-stackless,9,18.1269494485556,17.980822863804452,18.210528391772048,0.061974456154768376
assign-int,8,1x,9,31.414412231402373,29.74119265553063,32.244534248395645,0.675978832670225
assign-int,8,2-stackful,9,39.99724855979301,39.178468417062064,40.357809165735205,0.3370905083129472
assign-int,8,2-stackless,9,36.80059093431719,36.59612140729914,37.12408526338006,0.10887417632667962
assign-int,64,1x,9,99.67047222374092,98.59093326441248,100.22415841190475,0.5536861881638373
assign-int,64,2-stackful,9,157.67655084320344,155.65934382719428,160.71794311048373,1.2560773768992988
assign-int,64,2-stackless,9,155.45377913189563,153.538765488551,156.7927603294284,1.1240177537438285
assign-int,256,1x,9,453.09304009412614,446.71689745678344,455.5185989682324,2.326002353154081
assign-int,256,2-stackful,9,557.6469137478504,553.9532763145987,560.9670784686396,1.2128473164991647
assign-int,256,2-stackless,9,558.0970449814464,553.193049144719,560.7290026246718,1.7364693637432538
assign-seq,0,1x,9,72.41034610441392,71.39251832127923,111.62110621476495,0.863017870750781
assign-seq,0,2-stackful,9,27.598311876890104,27.451102183388464,27.792307021545753,0.028990525633354025
assign-seq,0,2-stackless,9,24.464039237046194,24.38762000927595,24.635904778634472,0.04042623907957932
assign-seq,8,1x,9,623.5986938604457,614.5011175525599,631.347349305022,3.8241251658866986
assign-seq,8,2-stackful,9,90.74411975274151,90.27704826430119,91.3890086959559,0.3503658238457916
assign-seq,8,2-stackless,9,87.24582227421948,87.00743434378711,94.35895700914998,0.23838793043236706
assign-seq,64,1x,9,4439.255091103966,4376.580921757771,4489.3890675241155,23.660235798500253
assign-seq,64,2-stackful,9,534.5030546623793,531.7833065380494,540.7496516613077,1.3631296891745706
assign-seq,64,2-stackless,9,533.2391211146839,527.5601286173633,536.8678456591638,1.308145766345433
assign-seq,256,1x,9,17144.45574771109,17092.777212614445,17315.05595116989,36.82604272634853
assign-seq,256,2-stackful,9,2039.62461851475,2031.2518819938962,2051.803763987792,5.193387589011991
assign-seq,256,2-stackless,9,2041.2879959308236,2027.5522889114961,2050.0436419125126,4.7785350966425995
assign-string,0,1x,9,10.357978383287827,10.267862341164147,10.60124107003181,0.06389126132589062
assign-string,0,2-stackful,9,29.56300301078709,29.499946082255704,29.689531502897637,0.024860383418445764
assign-string,0,2-stackless,9,26.492845646914212,26.43544324689113,26.592602080465518,0.03872711596770273
assign-string,8,1x,9,60.82662304982386,59.511826874685454,62.00176144942124,0.39538248616004523
assign-string,8,2-stackful,9,108.52700679416205,108.48097005535979,108.75744841469555,0.03032523905386597
assign-string,8,2-stackless,9,105.62935329642677,105.48699358329142,105.77919916960242,0.06156265727219079
assign-string,64,1x,9,322.7995399499357,313.0708341790136,334.4039645490833,5.08422975441448
assign-string,64,2-stackful,9,662.7182193356334,662.4603545091671,664.7308030579798,0.2428624585616035
assign-string,64,2-stackless,9,660.9470604153983,660.6011433597185,662.5202117583385,0.1947094242611911
assign-string,256,1x,9,1305.7309127712062,1268.0941236004808,1351.2809159339618,19.254854829527403
assign-string,256,2-stackful,9,2558.7534315896014,2556.456701878677,2565.6674046429252,1.7878423682714129
assign-string,256,2-stackless,9,2560.723448668481,2556.305522170915,2563.6097159845663,2.1136061736974625
assign-table,0,1x,9,85.76469355790678,84.65873232851021,86.43565444236916,0.1392512117410547
assign-table,0,2-stackful,9,27.465295787459223,27.41208649416549,27.842812210159472,0.052804314999022495
assign-table,0,2-stackless,9,24.51902886971453,24.439944401718023,24.727614409562083,0.07908446799650548
assign-table,8,1x,9,736.6661581711596,734.356135724715,745.9411162202803,2.3100224464445773
assign-table,8,2-stackful,9,90.15615751737961,89.95843703009567,90.62031076339707,0.08160917035320381
assign-table,8,2-stackless,9,87.36519275611829,87.2193911129514,87.5425719702748,0.08768496524066904
assign-table,64,1x,9,4504.88468930173,4381.646380525304,4546.177663890669,34.67328635490048
assign-table,64,2-stackful,9,534.3971012171685,531.6276692291266,536.0099562246425,1.0130525304292632
assign-table,64,2-stackless,9,530.2833119795005,528.6498238308776,533.5744981849241,0.7970051249201333
assign-table,256,1x,9,17568.479918657853,17399.28825622776,17824.097610574478,50.83884087442493
assign-table,256,2-stackful,9,2043.722521606508,2033.5491611591249,2047.071987798679,1.8790035587178409
assign-table,256,2-stackless,9,2041.344890696492,2029.6890696492117,2064.9346212506357,8.39552618200355
const-int,0,1x,9,6.4161669215433506,6.390065413901055,6.458121492109498,0.007806432500379046
const-int,0,2-stackful,9,20.9432548419898,20.936228252079715,20.985878363771754,0.00689608237188466
const-int,0,2-stackless,9,17.997490732363474,17.974376486224642,18.18958862102372,0.023114246138831618
const-int,8,1x,9,14.396566358878975,14.343127920108058,14.529793405814752,0.044064568986513564
const-int,8,2-stackful,9,23.50221060944916,23.486552556409293,23.589374312644377,0.01565805303986778
const-int,8,2-stackless,9,20.524991327325196,20.486389436313036,20.715834458935806,0.015320003247637715
const-int,64,1x,9,46.3365836870483,45.88941149478031,46.608236778708275,0.2608695652173907
const-int,64,2-stackful,9,48.545079729264636,47.99156820006885,48.71911666857866,0.05350923482848202
const-int,64,2-stackless,9,47.24169324308821,46.99219226798208,47.41044854881267,0.08277159573247417
const-int,256,1x,9,125.27304800390337,124.92587356595064,125.86042962054772,0.2083046627716385
const-int,256,2-stackful,9,129.1016188962981,128.3201261087688,130.88051569478677,0.7339142510415115
const-int,256,2-stackless,9,127.77261012623393,126.93790269107105,129.15014825286804,0.43260437127031537
const-seq,0,1x,9,72.12407632490842,70.94681516461215,72.92433973372698,0.5038060860656515
const-seq,0,2-stackful,9,27.485505782876224,27.463210282736075,27.576149261733143,0.01596365154145829
const-seq,0,2-stackless,9,24.40523219022229,24.331420192146457,24.58067568278821,0.04463506495254066
const-seq,8,1x,9,82.53933873225596,82.30736422137454,83.94696273834211,0.2100472372303699
const-seq,8,2-stackful,9,29.913107830042236,29.85169675650163,30.074644985406334,0.05178312856736156
const-seq,8,2-stackless,9,26.903621610130404,26.833601407624005,27.045702321215845,0.05044743671507845
const-seq,64,1x,9,117.85175060790515,116.10617546870944,135.79356123816638,1.6200208727345853
const-seq,64,2-stackful,9,52.095617255500294,51.60026064429999,52.3441723219063,0.17306092825394614
const-seq,64,2-stackless,9,49.19234171951071,48.85737141282984,49.95917102398247,0.2257486901564505
const-seq,256,1x,9,195.88413555265308,193.22236734588833,197.93145158695947,1.1368973704020675
const-seq,256,2-stackful,9,134.45550529844357,133.0585305907105,135.39228428224905,0.5865026411792371
const-seq,256,2-stackless,9,130.35404669836512,129.49069314065483,131.52581020827034,0.44371811121911264
const-string,0,1x,9,10.361505492790998,10.223956277934306,10.448979451363332,0.057302612861482416
const-string,0,2-stackful,9,29.536712103413144,29.47219647396775,29.543758776075848,0.007046672662703202
const-string,0,2-stackless,9,26.56063694808233,26.48916240673269,26.642672607630253,0.04110415653306987
const-string,8,1x,9,18.273654606479507,18.11205805387263,18.364141564979946,0.06088758995363719
const-string,8,2-stackful,9,31.939589733196815,31.85091784708592,32.0776738985124,0.05095357965699421
const-string,8,2-stackless,9,29.09389399692807,28.987358491907727,30.117181500127998,0.10213293227523579
const-string,64,1x,9,49.69019506236814,49.31117444571936,50.12128166216333,0.17717239762618675
const-string,64,2-stackful,9,54.121933103848214,53.79534367250248,54.30556316393382,0.09631713365657646
const-string,64,2-stackless,9,50.855207215210186,50.533572688800895,51.068406312075105,0.09781495601534829
const-string,256,1x,9,142.5269172185214,141.60320064849742,144.3266282710876,0.42688387843290343
const-string,256,2-stackful,9,136.12088070131855,135.0316142486386,137.3978126287025,0.44578966980242285
const-string,256,2-stackless,9,133.72504886611014,132.44707097516488,136.83578372088456,0.5520661048970794
const-table,0,1x,9,85.86211869906974,84.45719024611358,86.45950303392432,0.5141960873193199
const-table,0,2-stackful,9,27.39241029576899,27.37692131370469,27.433654153231203,0.012658521258074984
const-table,0,2-stackless,9,24.35178713080386,24.327480967147075,24.411520413314225,0.014154879518702757
const-table,8,1x,9,103.19948709488342,99.14480046461907,104.30537168854964,0.7271073841436646
const-table,8,2-stackful,9,29.97383566917084,29.923860952281313,30.08169730818704,0.0466993133992446
const-table,8,2-stackless,9,26.94499951043314,26.892661459821316,27.14754203903927,0.04466325177014241
const-table,64,1x,9,124.40812244838517,122.95955766346111,125.73532624261519,0.13252620183789077
const-table,64,2-stackful,9,51.594763515973554,51.40910547240979,52.01856580435639,0.045117161900435576
const-table,64,2-stackless,9,48.825342116632775,48.731435409253514,49.38637213163298,0.08965664548514951
const-table,256,1x,9,222.30271906093813,219.826022022363,225.32964765529303,0.774909441056451
const-table,256,2-stackful,9,133.94312963848472,132.48956197637935,135.00973385823679,0.9556867086328111
const-table,256,2-stackless,9,131.39832179375486,130.78526558498132,132.82538663592362,0.14986604481765653
do-int,0,1x,9,6.498120500100161,6.431313476492177,6.608298080435525,0.0415048044757107
do-int,0,2-stackful,9,20.979634168535696,20.944759331052534,21.09683450581132,0.020084004676803602
do-int,0,2-stackless,9,18.109540933295094,17.977861049246684,18.300118033379285,0.05373890204734266
do-int,8,1x,9,154.5823227084487,151.98836384055653,156.61709080415844,0.7549465376186504
do-int,8,2-stackful,9,264.4497079261587,262.1689660819989,265.18641252212956,0.5702420040399829
do-int,8,2-stackless,9,246.0869280383089,243.4706015395293,248.35583094812856,0.8859313217024578
do-int,64,1x,9,1185.248159013351,1180.1772136741902,1195.0547805783392,2.9395916901155488
do-int,64,2-stackful,9,1864.4236963419746,1860.7114889540796,1880.1265640902836,3.6373705322400838
do-int,64,2-stackless,9,1756.7089145662453,1748.8611626653894,1769.4031012392984,4.717356163562954
do-int,256,1x,9,4868.292682926829,4845.048780487805,4888.878048780488,14.219512195122661
do-int,256,2-stackful,9,7411.056341463414,7386.158048780486,7575.781707317072,23.485853658535234
do-int,256,2-stackless,9,7009.9670731707365,6963.383414634143,7036.687804878049,7.704878048779392
get-int,0,1x,9,6.494170097014448,6.412587792624664,6.607748614596126,0.06611478826385309
get-int,0,2-stackful,9,20.97156581749682,20.94481344599859,21.01858738808963,0.011386471486563465
get-int,0,2-stackless,9,18.049641079664795,18.002980953731548,18.156548949543424,0.04270256416689122
get-int,8,1x,9,12.194597213634605,12.111011072903748,12.342846605269724,0.05019989562278582
get-int,8,2-stackful,9,23.81664382661812,23.64058562125535,23.999511861759242,0.08695429459203652
get-int,8,2-stackless,9,20.827150248950517,20.703750106968567,20.96187700603725,0.031988723404012376
get-int,64,1x,9,44.80191707338522,44.21184540298114,45.03803368069296,0.16664468188013615
get-int,64,2-stackful,9,55.826379545354605,55.26100338565712,56.59544475223146,0.39793562854503506
get-int,64,2-stackless,9,52.50909950314383,52.21315129930091,52.7402101745592,0.11820340324494794
get-int,256,1x,9,128.71706121624013,127.94712109345393,130.05798236527627,0.714357898991949
get-int,256,2-stackful,9,149.01352290240266,147.55188095298251,149.6102991334226,0.19304085293455842
get-int,256,2-stackless,9,145.94534625198963,144.8421212197772,146.72340895884386,0.5521335994542369
get-seq,0,1x,9,71.91210362300764,71.70658515426916,73.286570435374,0.20551846873847524
get-seq,0,2-stackful,9,27.560067612597695,27.493058166939086,27.63386189804249,0.030337554156488977
get-seq,0,2-stackless,9,24.42752309290403,24.397009309142717,24.535011982372076,0.030513783761310975
get-seq,8,1x,9,84.82258958307044,82.88758977510274,85.66067342986157,0.4538820702179862
get-seq,8,2-stackful,9,30.200574999588497,30.092137100092728,30.507829431419776,0.088937018890487
get-seq,8,2-stackless,9,27.349585210220507,27.30975085180045,27.654341850423283,0.02570763904509832
get-seq,64,1x,9,115.19990235133545,113.91937327311666,140.60492238040814,0.9029727360489943
get-seq,64,2-stackful,9,59.07645169165214,58.80942143166256,59.53428799698176,0.1315288673864643
get-seq,64,2-stackless,9,56.16292901607873,55.41626349604415,56.89845371120408,0.18630089104406267
get-seq,256,1x,9,201.81826163943543,198.982212498811,205.25722731563118,1.4231464340852824
get-seq,256,2-stackful,9,150.91954283707352,149.03802618004082,151.48935018182615,0.48891116493129516
get-seq,256,2-stackless,9,147.24758357784137,146.52366666910567,149.54545654098592,0.623908860092655
get-string,0,1x,9,10.242750453262707,10.098384446726008,10.44915386744539,0.021455025156523533
get-string,0,2-stackful,9,29.541588086793684,29.479648339993332,29.621330950341235,0.034580035593076985
get-string,0,2-stackless,9,26.573388077381797,26.524966514474297,27.365489895644583,0.024310972373104534
get-string,8,1x,9,15.923832915923592,15.876673126323855,16.159390431552314,0.03637581040798743
get-string,8,2-stackful,9,32.156470709424866,32.121797801999705,32.49768224924834,0.03467290742516127
get-string,8,2-stackless,9,29.26115980891434,29.16481461213085,29.757261480913947,0.09634519678348852
get-string,64,1x,9,49.060445173450745,48.49378666014398,49.344853551267846,0.19088454362767493
get-string,64,2-stackful,9,61.35733778410864,60.87857249056364,61.80833848913446,0.1008450717735414
get-string,64,2-stackless,9,58.32999285381983,57.684189196318535,59.10980177743246,0.5585531143437024
get-string,256,1x,9,134.0258763451147,133.0513898144055,135.8092460759928,0.6597742252601222
get-string,256,2-stackful,9,152.57059254323167,150.99784253828344,154.34192799224107,0.6932907559033481
get-string,256,2-stackless,9,150.81798148673528,148.35745247976143,151.77598025955518,0.8922390757882397
get-table,0,1x,9,85.57652810248037,84.24658576289751,86.02419506159066,0.3139120336327039
get-table,0,2-stackful,9,27.402000111568086,27.361030534157575,27.640724127613613,0.028189959886212534
get-table,0,2-stackless,9,24.408677715288373,24.346778978543426,24.58915304606241,0.052980896500301355
get-table,8,1x,9,76.62530054531219,75.53924931229689,78.06403780461609,0.8519896619341552
get-table,8,2-stackful,9,30.323725583941357,30.072381704672214,30.526228338218278,0.13414818356303115
get-table,8,2-stackless,9,27.090710291641543,27.054039259705778,27.132158175178937,0.026130639338703077
get-table,64,1x,9,116.35535471309889,114.71038861909135,117.76358728718873,0.6678872086463059
get-table,64,2-stackful,9,59.04099140458201,58.62602741241412,59.62681560228772,0.26758907928361
get-table,64,2-stackless,9,56.510666836288834,55.801948626613715,57.21544686217463,0.06390698806378481
get-table,256,1x,9,212.8458141840137,210.94064461866571,214.86137394491004,1.1759935117599412
get-table,256,2-stackful,9,151.88091376047578,150.96760385689822,153.9174176203779,0.6014989036076202
get-table,256,2-stackless,9,149.04697966417345,147.57706286984464,150.2361223754167,0.5453951518429392
make-seq,0,1x,9,14.392219343408843,14.090951691361646,14.57663807672424,0.1536570839468041
make-seq,0,2-stackful,9,27.450674035353977,27.439532574092492,27.46104381003057,0.006033667000234999
make-seq,0,2-stackless,9,24.493889995737202,24.33774325889064,27.041413342846518,0.1325396273532249
make-seq,8,1x,9,34.695200423040546,34.55229156439712,35.2696788720435,0.0396126677141595
make-seq,8,2-stackful,9,217.9758343773515,217.55483890532568,218.36991218876096,0.19616799561791254
make-seq,8,2-stackless,9,214.9926896622309,214.39216161968437,215.65771433011946,0.4455989188964793
make-seq,64,1x,9,324.1253996724635,285.56344069250565,328.8653201278952,4.493488263276959
make-seq,64,2-stackful,9,1185.9250877329796,1183.9848709350383,1189.1872416751146,0.890852374639735
make-seq,64,2-stackless,9,1181.6491304686892,1180.4972159401082,1184.522155501833,0.4282929111748217
make-seq,256,1x,9,1437.3489668978336,1405.948380639165,1483.4703653392435,28.111818116822633
make-seq,256,2-stackful,9,4535.036962894116,4522.963180095802,4550.726889254306,5.373918638735631
make-seq,256,2-stackless,9,4525.624079502394,4519.738828912563,4548.883606205761,3.420962322154992
make-table,0,1x,9,28.73106210213644,28.301867866354208,29.401247083222053,0.06871120105423856
make-table,0,2-stackful,9,27.442398572612557,27.40713768947302,27.512547944243618,0.03526088313953579
make-table,0,2-stackless,9,24.41333799767034,24.321325173251285,25.808132748034264,0.056822157105408166
make-table,8,1x,9,61.32478208208407,57.72066227757906,63.676848933882866,1.5093279930561252
make-table,8,2-stackful,9,308.026816739046,305.8600162817941,310.50391585659537,1.4894097424131019
make-table,8,2-stackless,9,305.7498957568056,302.34975506395006,315.8701002152941,1.4424847039069277
make-table,64,1x,9,380.16519762736294,362.906295618752,393.5768797235619,11.393831882772531
make-table,64,2-stackful,9,1308.880259437885,1304.764270007576,1317.3038416763675,2.7426686623430214
make-table,64,2-stackless,9,1305.3692555019677,1302.1625552044636,1311.6320564702412,1.1160633442364087
make-table,256,1x,9,1549.167242305626,1534.2620308542482,1565.338859467342,10.868063550541137
make-table,256,2-stackful,9,4768.651393046282,4764.225036457134,4794.190191112134,4.426356589147872
make-table,256,2-stackless,9,4764.598357510169,4756.206539258576,4778.425282063091,5.91756850103593
push-shared-seq,0,1x,9,139.54422940323633,137.32894817928533,140.6153811224308,0.9112492823851142
push-shared-seq,0,2-stackful,9,35.60125262314596,35.491821622831324,35.79824723576365,0.06970675904034351
push-shared-seq,0,2-stackless,9,32.557105928066605,32.48215287710864,32.66525738454104,0.047686928543399176
push-shared-seq,8,1x,9,168.4338599724454,164.26309291631628,209.28715847483406,3.537368712984687
push-shared-seq,8,2-stackful,9,185.80929163162696,185.12650074254324,186.39378052926335,0.4469126303924327
push-shared-seq,8,2-stackless,9,180.91099321870138,178.8143015620247,182.85219810696202,1.3954713807726478
push-shared-seq,64,1x,9,262.34952481520594,257.48152059134105,295.3167898627244,2.2769271383315868
push-shared-seq,64,2-stackful,9,723.61913938754,720.174551214361,724.9806758183737,0.9654171066521258
push-shared-seq,64,2-stackless,9,711.2080517423447,709.5584345300952,723.6694429778246,1.6496172122494954
push-shared-seq,256,1x,9,757.5891758917589,709.7826978269783,817.8966789667896,45.58015580155802
push-shared-seq,256,2-stackful,9,2533.0128741287417,2527.4104551045507,2539.20750307503,3.107339073389994
push-shared-seq,256,2-stackless,9,2536.953874538745,2525.4361623616237,2568.8659286592883,5.828823288231888
take-seq,0,1x,9,6.767653453850915,6.695825587895121,6.893942803949192,0.029273845813984067
take-seq,0,2-stackful,9,20.99770406216909,20.957235923254625,21.113944534202677,0.015330301239679045
take-seq,0,2-stackless,9,18.05477784598765,17.996240050643433,18.266543314278202,0.03411919403389163
take-seq,8,1x,9,49.909093255071426,49.81501943644856,50.264040106882874,0.06967562127429261
take-seq,8,2-stackful,9,47.8075216827249,47.100034955109656,48.60095106050052,0.3393859630602094
take-seq,8,2-stackless,9,48.494394279561114,48.020909724323836,48.879189041455824,0.21120627972063488
take-seq,64,1x,9,365.55850477509017,362.1872822990979,366.4773679244451,0.8342078112186186
take-seq,64,2-stackful,9,179.77885556564755,177.93283128014747,181.38639870900613,0.4893254909568441
take-seq,64,2-stackless,9,179.50974859128223,177.01696634068483,180.1967531150519,0.6870045237696729
take-seq,256,1x,9,1578.8689362763437,1576.6024441950367,1585.880409028557,2.2664920813069784
take-seq,256,2-stackful,9,626.0927172964211,619.5971754582866,631.0584237436091,2.527559546078578
take-seq,256,2-stackless,9,628.2956104252399,623.2620027434842,634.439082179823,2.1931038782890937
take-table,0,1x,9,6.844168854790508,6.778838737674322,6.914482639377415,0.03569933229026656
take-table,0,2-stackful,9,21.057366758937967,20.948516341852468,21.121006497414083,0.05529362107515112
take-table,0,2-stackless,9,18.066529248534145,18.022324457093845,18.095705061812737,0.008004041177983368
take-table,8,1x,9,32.20392911665407,31.71929417591684,32.67477108365752,0.0808769823481299
take-table,8,2-stackful,9,106.00211753494482,104.46328717911746,107.38796970561408,0.7514521807004968
take-table,8,2-stackless,9,103.60665416939652,102.16194048331829,104.14541556035526,0.3420046206462217
take-table,64,1x,9,196.18731703418027,193.32280915603425,198.1236324397774,1.0470890325416917
take-table,64,2-stackful,9,803.6870122992998,786.3813782009647,807.6762116958246,2.824342821745063
take-table,64,2-stackless,9,823.8586130066844,815.3968047798419,830.5514602296001,3.8697533146165597
take-table,256,1x,9,890.0247469066367,881.1833520809898,902.6636670416198,3.5500562429696174
take-table,256,2-stackful,9,3254.4692013498307,3229.623217097863,3292.8155230596167,23.666546681664386
take-table,256,2-stackless,9,3194.510236220473,3184.640449943757,3242.6607874015763,7.882879640045303
update-int,0,1x,9,6.461700780893631,6.3904782519142485,6.530401868617193,0.06509902878667262
update-int,0,2-stackful,9,20.950484133094108,20.92926604119643,21.082144954055725,0.009265805425297202
update-int,0,2-stackless,9,18.03340909663964,18.00873433800214,18.090305909767107,0.02026387373931371
update-int,8,1x,9,20.361668097798695,19.481130091138777,21.10272228532401,0.47470690663492476
update-int,8,2-stackful,9,26.39517308448958,26.293850586516662,26.757488697356408,0.06545181291846802
update-int,8,2-stackless,9,23.603240709808492,23.404769505257253,23.74736189163485,0.1319478985455369
update-int,64,1x,9,84.59330903371195,83.85827069374915,86.9383233261241,0.32252453908861867
update-int,64,2-stackful,9,78.58322116184458,77.84831515903146,78.80013309336194,0.11473630877659957
update-int,64,2-stackless,9,76.7209879157277,76.41176515071311,76.95080839093148,0.10154040442232315
update-int,256,1x,9,326.00054637344624,323.27778536629785,330.5752857077813,0.4518963711697097
update-int,256,2-stackful,9,235.6787893275053,233.56153530938406,239.12101033556436,0.5813413468104613
update-int,256,2-stackless,9,232.55913354277658,229.48388198333566,234.27898055821154,0.3427355097209954
update-seq,0,1x,9,71.85446964303874,70.98609274890674,73.27977219566765,0.6656157835858778
update-seq,0,2-stackful,9,27.52929039967457,27.471387165666627,27.63925048306721,0.03715422556696879
update-seq,0,2-stackless,9,24.540768331129872,24.42610469846435,24.945921895657484,0.04785670700701061
update-seq,8,1x,9,172.67340975500113,166.2752079118903,180.48999775230388,4.25659698808721
update-seq,8,2-stackful,9,39.031399415599026,38.93686311530682,39.10742548887391,0.03460552933245964
update-seq,8,2-stackless,9,35.91317959091932,35.85220049449314,36.15840503483929,0.035986513823345945
update-seq,64,1x,9,259.0841751406976,256.2916269719696,263.2784532288051,1.170906130260164
update-seq,64,2-stackful,9,87.22575405935109,86.6165639151072,88.32479844886417,0.26830957247237563
update-seq,64,2-stackless,9,84.34130444818425,83.61135569106541,84.91469172433763,0.11855109809171438
update-seq,256,1x,9,578.4145188129243,570.357822656914,589.2665174242514,2.7510085834341
update-seq,256,2-stackful,9,243.85796032705633,242.22660505428993,245.67184226593082,1.019824500496867
update-seq,256,2-stackless,9,239.12865574084495,237.94217854021755,241.9703470484718,1.094166377359869
update-string,0,1x,9,10.266187796920756,10.1895990098634,10.426199135908398,0.03037228832413419
update-string,0,2-stackful,9,29.521473460947565,29.475253924985516,29.56392835177185,0.02192373012196569
update-string,0,2-stackless,9,26.5502248814848,26.512122339577378,26.6249523534727,0.022136842345037877
update-string,8,1x,9,29.871144199425867,29.297452946412257,30.21185166846452,0.29178234805213066
update-string,8,2-stackful,9,43.13943806845978,42.98166044787119,43.38418893349131,0.1123229411660489
update-string,8,2-stackless,9,40.0569918713564,40.02869193089179,40.366331264331244,0.02829994046461337
update-string,64,1x,9,135.8806939427405,135.29507525926056,136.72634316110893,0.40478526581631513
update-string,64,2-stackful,9,91.5611071756988,90.78941486529891,92.80217440085181,0.3577421781847221
update-string,64,2-stackless,9,88.99809046950689,88.83141573646719,89.46990729537445,0.13675582208804826
update-string,256,1x,9,479.1129385431366,473.31151768770377,485.88024913629505,2.560702642207218
update-string,256,2-stackful,9,246.1914262079705,243.87938543136588,246.8502141015035,0.6587878935330025
update-string,256,2-stackless,9,242.65291226704298,240.74930660308482,245.07161451997464,0.6030850080287848
update-table,0,1x,9,85.39720032820308,84.65600835426042,86.2062706680922,0.337527039458962
update-table,0,2-stackful,9,27.385539173027674,27.37116909918197,27.41675327581491,0.005953653745731202
update-table,0,2-stackless,9,24.402360824485942,24.360987344290013,24.459200875208236,0.0254991421964732
update-table,8,1x,9,194.8732756085138,192.4987625271706,196.24884323192035,0.315645243441395
update-table,8,2-stackful,9,38.94663263915293,38.8881916397053,39.11012432118338,0.0539645759951739
update-table,8,2-stackless,9,35.92621792434557,35.83280845355352,36.002761895880106,0.018987137456342396
update-table,64,1x,9,297.18711935069337,293.66013536988123,300.09627418888994,1.855998928426402
update-table,64,2-stackful,9,87.68743956701735,86.77925165654388,88.78310262409948,0.1504849289036656
update-table,64,2-stackless,9,84.33965952423807,83.91077475607052,85.55803031381198,0.39453999773961357
update-table,256,1x,9,599.4717487392643,593.483703268929,605.0788783345113,3.2389827869146757
update-table,256,2-stackful,9,243.7220392175652,240.74168393565165,245.76056203059306,1.347759424074468
update-table,256,2-stackless,9,241.48976438316788,236.4344117964136,243.5958219038606,0.6094534216547629
