Task,Model,Variant,SemanticSuccess,FirstPassSuccess,RepairRounds,Tokens,LatencyMs,Failure
02-arithmetic,sonnet,current,true,true,0,22552,2726,
04-count-up,sonnet,current,true,true,0,22549,3008,
03-float-average,sonnet,current,true,true,0,22660,3050,
01-hello,sonnet,current,true,true,0,22518,4553,
05-sum-range,sonnet,current,true,true,0,22581,2864,
06-countdown,sonnet,current,true,true,0,22574,4151,
08-factorial,sonnet,current,true,true,0,22632,3068,
09-fibonacci,sonnet,current,true,true,0,22899,5417,
11-seq-sum,sonnet,current,true,true,0,22782,3723,
07-fizzbuzz,sonnet,current,true,true,0,23406,8348,
10-seq-double,sonnet,current,true,false,1,45959,8899,
12-seq-max,sonnet,current,true,true,0,23108,6518,
14-seq-reverse,sonnet,current,true,true,0,23026,6179,
13-seq-filter-even,sonnet,current,true,true,0,23213,7154,
16-vector-length,sonnet,current,true,true,0,22549,2687,
17-string-format,sonnet,current,true,true,0,22567,2884,
15-struct-transform,sonnet,current,true,true,0,22924,5110,
18-parse-and-sum,sonnet,current,true,true,0,22807,5349,
19-parse-fallback,sonnet,current,true,true,0,22790,4108,
20-match-default,sonnet,current,true,true,0,22648,4150,
21-match-strings,sonnet,current,true,true,0,22960,5529,
22-classify-sign,sonnet,current,true,true,0,22951,5994,
24-poll-until-ready,sonnet,current,true,true,0,23256,6785,
23-retry-backoff,sonnet,current,true,true,0,23380,7921,
25-clamp-routine,sonnet,current,true,true,0,23211,6920,
27-persistent-total,sonnet,current,false,true,0,22649,2689,wrong-output
26-spawn-workers,sonnet,current,true,true,0,23155,6750,
28-times-table,sonnet,current,true,true,0,22956,5248,
31-string-lengths,sonnet,current,true,true,0,22757,3711,
32-rounding,sonnet,current,true,true,0,22611,3245,
29-index-of,sonnet,current,true,true,0,23372,9011,
30-price-lookup,sonnet,current,true,false,1,46311,9855,
33-collatz,sonnet,current,true,true,0,23024,5191,
35-in-range,sonnet,current,true,true,0,22648,3046,
34-gcd,sonnet,current,true,true,0,23005,5811,
36-double-until,sonnet,current,true,true,0,22576,2808,
37-hex,sonnet,current,true,true,0,22527,2442,
38-vector-add,sonnet,current,true,true,0,22688,3012,
